time,ax,ay,az,wx,wy,wz
0.002,0.03,0.01,0.3,0,0,0
0.002,0.03,0.01,0.3,0,0.01,0
0.002,0.03,0.01,0.3,0.01,0.02,0
0.002,0.03,0.01,0.3,0.01,0.02,0
0.017,0.03,0.01,0.3,0.01,0.02,0
0.017,0.03,0.01,0.3,0.02,0.04,0
0.018,0.03,0.01,0.3,0.02,0.04,0
0.018,0.03,0.01,0.3,0.02,0.04,0
0.018,0.03,0.01,0.3,0.02,0.04,0
0.018,0.03,0.01,0.3,0.02,0.04,0
0.018,0.03,0.01,0.3,0.02,0.04,0
0.018,0.03,0.01,0.3,0.02,0.04,0
0.018,-0.01,-0.01,0.26,0.02,0.04,0
0.019,0,-0.01,0.26,0.02,0.04,0
0.019,0,-0.01,0.26,0.02,0.04,0
0.021,0,-0.01,0.26,0.02,0.04,0
0.032,0,-0.01,0.26,0.01,0.04,0
0.032,0.01,-0.02,0.19,0.01,0.04,0
0.032,0.01,-0.02,0.19,0.01,0.03,0
0.033,0.01,-0.02,0.19,0.01,0.03,0
0.033,0.01,-0.02,0.19,0.01,0.03,0
0.033,0.01,-0.02,0.19,0.01,0.02,0
0.034,0.01,-0.02,0.19,0.01,0.02,0
0.034,0.01,0,0.16,0.01,0.02,0
0.035,0.01,0,0.16,0,0.01,0
0.037,0.01,0,0.16,0,0.01,0
0.039,0.01,0,0.16,0,0.01,0
0.041,0.01,0,0.16,0,0,0
0.056,0.01,0,0.16,0,0,0
0.057,0.01,0,0.16,-0.01,-0.02,0
0.057,0.01,0,0.16,-0.01,-0.02,0
0.057,0.01,0,0.16,-0.01,-0.02,0
0.057,0.01,0,0.16,-0.01,-0.02,0
0.057,0.01,0,0.16,-0.01,-0.02,0
0.057,0.01,0,0.16,-0.01,-0.02,0
0.058,0,0,0.2,-0.01,-0.02,0
0.058,-0.01,0,0.2,-0.01,-0.02,0
0.058,-0.01,0,0.2,-0.01,-0.02,0
0.058,-0.01,0,0.2,-0.01,-0.02,0
0.059,-0.01,0,0.2,-0.01,-0.02,0
0.062,-0.01,0,0.2,-0.01,-0.02,0
0.065,-0.01,0,0.2,-0.01,-0.02,0
0.065,0.01,-0.01,0.23,-0.01,-0.02,0
0.065,0.01,-0.01,0.23,-0.01,-0.02,0
0.067,0.01,-0.01,0.23,-0.01,-0.02,0
0.069,0.01,-0.01,0.23,-0.01,-0.02,0
0.071,0.01,-0.01,0.23,-0.01,-0.02,0
0.074,0.01,-0.01,0.23,-0.01,-0.02,0
0.074,0.03,-0.01,0.22,-0.01,-0.02,0
0.075,0.03,-0.01,0.22,-0.01,-0.02,0
0.077,0.03,-0.01,0.22,-0.01,-0.02,0
0.079,0.03,-0.01,0.22,-0.01,-0.01,0
0.081,0.03,-0.01,0.22,-0.01,-0.01,0
0.099,0.03,-0.01,0.22,-0.01,-0.01,0
0.099,0.03,-0.01,0.22,0,0,0
0.099,0.03,-0.01,0.22,0,0.01,0
0.099,0.03,-0.01,0.22,0,0,0
0.099,0.03,-0.01,0.22,0,0,0
0.1,0.03,-0.01,0.22,0,0,0
0.1,0.03,-0.01,0.22,0,0,0
0.1,0.02,0.01,0.23,0,0,0
0.1,0.02,0.01,0.23,0,0,0
0.1,0.02,0.01,0.23,0,0,0
0.101,0.02,0.01,0.23,0,0.01,0
0.101,0.02,0.01,0.23,0,0.01,0
0.101,0.02,0.01,0.23,0.01,0.01,0
0.104,0.02,0.01,0.23,0,0.01,0
0.104,0.02,0,0.22,0,0.01,0
0.105,0.02,0,0.22,0.01,0.01,0
0.107,0.02,0,0.22,0,0.01,0
0.109,0.02,0,0.22,0.01,0.01,0
0.112,0.02,0,0.22,0.01,0.01,0
0.115,0.02,0,0.22,0.01,0.01,0
0.115,0,0,0.23,0.01,0.01,0
0.115,0,0,0.23,0.01,0.01,0
0.117,0,0,0.23,0,0.01,0
0.119,0,0,0.23,0.01,0.01,0
0.121,0,0,0.23,0,0.01,0
0.136,0,0,0.23,0,0.01,0
0.137,0,0,0.23,0,0,0
0.137,0,0,0.23,0,0,0
0.137,0,0,0.23,0,0,0
0.137,0,0,0.23,0,0,0
0.138,0,0,0.23,0,0,0
0.138,0,0,0.23,0,0,0
0.138,0.03,-0.02,0.2,0,0,0
0.138,0.03,-0.02,0.2,0,0,0
0.138,0.03,-0.02,0.2,0,0,0
0.139,0.03,-0.02,0.2,0,0,0
0.141,0.03,-0.02,0.2,0,-0.01,0
0.145,0.03,-0.02,0.2,0,0,0
0.145,0.04,-0.04,0.21,0,0,0
0.146,0.04,-0.04,0.21,0,-0.01,0
0.147,0.04,-0.04,0.21,0,-0.01,0
0.149,0.04,-0.04,0.21,0,-0.01,0
0.151,0.04,-0.04,0.21,0,-0.01,0
0.154,0.04,-0.04,0.21,-0.01,-0.01,0
0.154,0.02,-0.01,0.19,-0.01,-0.01,0
0.154,0.02,-0.01,0.19,0,-0.01,0
0.157,0.02,-0.01,0.19,-0.01,-0.01,0
0.159,0.02,-0.01,0.19,0,-0.01,0
0.161,0.02,-0.01,0.19,-0.01,-0.01,0
0.176,0.02,-0.01,0.19,-0.01,-0.01,0
0.176,0.02,-0.01,0.19,0,0,0
0.176,0.02,-0.01,0.19,0,0,0
0.176,0.02,-0.01,0.19,0,0,0
0.177,0.02,-0.01,0.19,0,0,0
0.177,0.02,-0.01,0.19,0,0,0
0.177,0.02,-0.01,0.19,0,0,0
0.177,0.01,0.01,0.22,0,0,0
0.177,0.01,0.01,0.22,0,0,0
0.178,0.01,0.01,0.22,0,0,0
0.179,0.01,0.01,0.22,0,0,0
0.181,0.01,0.01,0.22,0,0,0
0.184,0.01,0.01,0.22,0,0,0
0.184,0.01,-0.01,0.21,0,0,0
0.184,0.01,-0.01,0.21,0,0,0
0.187,0.01,-0.01,0.21,0,0,0
0.189,0.01,-0.01,0.21,0,0,0
0.199,0.01,-0.01,0.21,0,0,0
0.199,0.01,-0.01,0.21,0,0.01,0
0.199,0.01,0,0.22,0,0.01,0
0.199,0.01,0,0.22,0,0.01,0
0.2,0.01,0,0.22,0,0.01,0
0.2,0.01,0,0.22,0,0.01,0
0.201,0.01,0,0.22,0,0.01,0
0.217,0.01,0,0.22,0,0.01,0
0.218,0.01,0,0.22,0,0.01,0
0.218,0.01,0,0.22,0,0.01,0
0.218,0.01,0,0.22,0,0.01,0
0.218,0.01,0,0.22,0,0.01,0
0.218,0.01,0,0.22,0,0,0
0.219,0.01,0,0.22,0,0,0
0.219,0.01,0,0.22,0,0,0
0.219,0.01,0,0.19,0,0,0
0.219,0.01,0,0.19,0,0,0
0.219,0.01,0,0.19,0,0,0
0.219,0.01,0,0.19,0,0,0
0.221,0.01,0,0.19,0,0,0
0.224,0.01,0,0.19,0,0,0
0.224,0,-0.01,0.23,0,0,0
0.225,0,-0.01,0.23,0,0,0
0.227,0,-0.01,0.23,0,0,0
0.229,0,-0.01,0.23,0,0,0
0.231,0,-0.01,0.23,0,0,0
0.234,0,-0.01,0.23,0,0,0
0.237,0,-0.01,0.21,0,0,0
0.237,0,-0.01,0.21,0,0,0
0.237,0,-0.01,0.21,0,0,0
0.239,0,-0.01,0.21,0,-0.01,0
0.241,0,-0.01,0.21,0,0,0
0.256,0,-0.01,0.21,0,0,0
0.256,0,-0.01,0.21,0,0,0
0.257,0,-0.01,0.21,0,0,0
0.257,0,-0.01,0.21,0,0,0
0.257,0,-0.01,0.21,0,0,0
0.257,0,-0.01,0.21,0,-0.01,0
0.257,0,-0.01,0.21,0,-0.01,0
0.258,0.04,0.01,0.19,0,-0.01,0
0.258,0.03,0.01,0.19,0,-0.01,0
0.258,0.03,0.01,0.19,0,-0.01,0
0.259,0.03,0.01,0.19,0,0,0
0.261,0.03,0.01,0.19,0,0,0
0.264,0.03,0.01,0.19,0,0,0
0.265,0.02,-0.01,0.23,0,0,0
0.265,0.02,-0.01,0.23,0,0,0
0.267,0.02,-0.01,0.23,0,0,0
0.269,0.02,-0.01,0.23,0,0,0
0.271,0.02,-0.01,0.23,0,0,0
0.274,0.02,-0.01,0.23,0,0,0
0.274,0.02,0,0.25,0,0,0
0.275,0.02,0,0.25,0,0,0
0.277,0.02,0,0.25,0,0,0
0.279,0.02,0,0.25,0,0,0
0.281,0.02,0,0.25,0,0,0
0.298,0.02,0,0.25,0,0,0
0.299,0.02,0,0.25,0,0,0
0.299,0.02,0,0.25,0,0,0
0.299,0.02,0,0.25,0,0,0
0.299,0.02,0,0.25,0,0,0
0.299,0.02,0,0.25,0,0.01,0
0.299,0.02,0,0.25,0,0.01,0
0.3,0.03,0.01,0.21,0,0.01,0
0.3,0.03,0.01,0.21,0,0.01,0
0.3,0.03,0.01,0.21,0.01,0.01,0
0.3,0.03,0.01,0.21,0,0,0
0.301,0.03,0.01,0.21,0,0,0
0.304,0.03,0.01,0.21,0,0,0
0.304,0.01,0.02,0.2,0,0,0
0.304,0.01,0.02,0.2,0,0,0
0.306,0.01,0.02,0.2,0,0.01,0
0.308,0.01,0.02,0.2,0,0.01,0
0.311,0.01,0.02,0.2,0,0,0
0.315,0.01,0.02,0.2,0,0.01,0
0.315,0,-0.01,0.2,0,0.01,0
0.315,0,-0.01,0.2,0,0,0
0.317,0,-0.01,0.2,0,0,0
0.319,0,-0.01,0.2,0,0,0
0.321,0,-0.01,0.2,0,0,0
0.337,0,-0.01,0.2,0,0,0
0.337,0,-0.01,0.2,0,0,0
0.337,0,-0.01,0.2,0,0,0
0.338,0,-0.01,0.2,0,0,0
0.338,0,-0.01,0.2,0,0,0
0.338,0,-0.01,0.2,0,0,0
0.338,0,-0.01,0.2,0,0,0
0.338,0,-0.01,0.2,0,0,0
0.338,0.03,-0.01,0.21,0,0,0
0.339,0.03,-0.01,0.21,0,0,0
0.339,0.03,-0.01,0.21,0,0,0
0.339,0.03,-0.01,0.21,0,0,0
0.341,0.03,-0.01,0.21,0,0,0
0.344,0.03,-0.01,0.21,0,0,0
0.345,0.03,-0.01,0.21,0,0,0
0.345,0.01,-0.01,0.2,0,0,0
0.347,0.01,-0.01,0.2,0,0,0
0.349,0.01,-0.01,0.2,0,0,0
0.351,0.01,-0.01,0.2,0,0,0
0.353,0.01,-0.01,0.2,0,0,0
0.354,0.03,-0.01,0.22,0,0,0
0.355,0.03,-0.01,0.22,0,0,0
0.357,0.03,-0.01,0.22,0,0,0
0.359,0.03,-0.01,0.22,0,0,0
0.361,0.03,-0.01,0.22,0,0,0
0.382,0.03,-0.01,0.22,0,0,0
0.383,0.03,-0.01,0.22,0,0,0
0.383,0.03,-0.01,0.22,0,0,0
0.383,0.03,-0.01,0.22,0,0,0
0.383,0.03,-0.01,0.22,0,0,0
0.383,0.03,-0.01,0.22,0,0,0
0.384,0.03,-0.01,0.22,0,0,0
0.384,0.01,-0.01,0.21,0,0,0
0.384,0.01,-0.01,0.21,0,0,0
0.384,0.01,-0.01,0.21,0,0,0
0.384,0.01,-0.01,0.21,0,0,0
0.385,0.01,-0.01,0.21,0,0,0
0.385,0.01,-0.01,0.21,0.01,0,0
0.385,0.03,0,0.21,0.01,0,0
0.385,0.03,0,0.21,0,0,0
0.387,0.03,0,0.21,0,0.01,0
0.389,0.03,0,0.21,0,0,0
0.391,0.03,0,0.21,0,0,0
0.395,0.03,0,0.21,0,0,0
0.395,0.02,0.01,0.2,0,0,0
0.395,0.02,0.01,0.2,0,0,0
0.397,0.02,0.01,0.2,0,0,0
0.4,0.02,0.01,0.2,0,0,0
0.401,0.02,0.01,0.2,0,0,0
0.416,0.02,0.01,0.2,0,0,0
0.417,0.02,0.01,0.2,0,0,0
0.417,0.02,0.01,0.2,0,0,0
0.417,0.02,0.01,0.2,0,0,0
0.417,0.02,0.01,0.2,0,0,0
0.417,0.02,0.01,0.2,0,0,0
0.417,0.02,0.01,0.2,0,0,0
0.418,0.02,-0.01,0.22,0,0,0
0.418,0.03,-0.01,0.22,0,0,0
0.418,0.03,-0.01,0.22,0,0,0
0.419,0.03,-0.01,0.22,0,0,0
0.421,0.03,-0.01,0.22,0,0,0
0.425,0.03,-0.01,0.22,0,0,0
0.425,0.02,-0.01,0.2,0,0,0
0.426,0.02,-0.01,0.2,0,0,0
0.426,0.02,-0.01,0.2,0,0,0
0.434,0.02,-0.01,0.2,0,0,0
0.435,0.02,-0.01,0.2,0,0,0
0.435,0.02,-0.01,0.2,0,0,0
0.435,0.02,0,0.2,0,0,0
0.435,0.02,0,0.2,0,0,0
0.436,0.02,0,0.2,0,0,0
0.438,0.02,0,0.2,0,0,0
0.443,0.02,0,0.2,0,0,0
0.457,0.02,0,0.2,0,0,0
0.457,0.02,0,0.2,0,0,0
0.458,0.02,0,0.2,0,0,0
0.458,0.02,0,0.2,0,0,0
0.458,0.02,0,0.2,0,0,0
0.458,0.02,0,0.2,0,0,0
0.458,0.02,0,0.2,0,0,0
0.458,0.02,0,0.2,0,0,0
0.459,0.02,-0.01,0.23,0,0,0
0.459,0.02,-0.01,0.23,0,0,0
0.459,0.02,-0.01,0.23,0,0,0
0.459,0.02,-0.01,0.23,0,0,0
0.461,0.02,-0.01,0.23,0,0,0
0.464,0.02,-0.01,0.23,0,0,0
0.465,0.04,0,0.22,0,0,0
0.465,0.04,0,0.22,0,0,0
0.467,0.04,0,0.22,0,0,0
0.469,0.04,0,0.22,0,0,0
0.47,0.04,0,0.22,0,0,0
0.473,0.04,0,0.22,0,0.01,0
0.474,0.01,0,0.22,0,0.01,0
0.478,0.01,0,0.22,0,0,0
0.478,0.01,0,0.22,0,0,0
0.478,0.01,0,0.22,0,0,0
0.481,0.01,0,0.22,0,0,0
0.496,0.01,0,0.22,0,0,0
0.496,0.01,0,0.22,0,0,0
0.496,0.01,0,0.22,0,0,0
0.497,0.01,0,0.22,0,0,0
0.497,0.01,0,0.22,0,0,0
0.497,0.01,0,0.22,0,0,0
0.497,0.01,0,0.22,0,0,0
0.497,0.01,-0.01,0.21,0,0,0
0.498,0.01,-0.01,0.21,0,0,0
0.498,0.01,-0.01,0.21,0,0,0
0.499,0.01,-0.01,0.21,0,0,0
0.501,0.01,-0.01,0.21,0,0,0
0.504,0.01,-0.01,0.21,0,0,0
0.505,0.01,-0.01,0.21,0,0,0
0.505,0,-0.01,0.22,0,0,0
0.508,0,-0.01,0.22,0,0,0
0.508,0,-0.01,0.22,0,0,0
0.51,0,-0.01,0.22,0,0,0
0.514,0,-0.01,0.22,0,0,0
0.514,0.01,-0.01,0.21,0,0,0
0.515,0.01,-0.01,0.21,0,0,0
0.517,0.01,-0.01,0.21,0,0,0
0.519,0.01,-0.01,0.21,0,0,0
0.521,0.01,-0.01,0.21,0,0,0
0.536,0.01,-0.01,0.21,0,0,0
0.536,0.01,-0.01,0.21,0,0,0
0.537,0.01,-0.01,0.21,0,0,0
0.537,0.01,-0.01,0.21,0,0,0
0.537,0.01,-0.01,0.21,0,0,0
0.537,0.01,-0.01,0.21,0,0,0
0.537,0.01,-0.01,0.21,0,0,0
0.538,0.01,0,0.22,0,0,0
0.538,0.01,0,0.22,0,0,0
0.538,0.01,0,0.22,0,0,0
0.538,0.01,0,0.22,0,0,0
0.539,0.01,0,0.22,0,0,0
0.541,0.01,0,0.22,0,0,0
0.544,0.01,0,0.22,0,0,0
0.544,0.01,0,0.21,0,0,0
0.545,0.01,0,0.21,0,0,0
0.547,0.01,0,0.21,0,0,0
0.549,0.01,0,0.21,0,0,0
0.551,0.01,0,0.21,0,0,0
0.554,0.01,0,0.21,0,0,0
0.554,0.04,0.01,0.2,0,0,0
0.555,0.04,0.01,0.2,0,0,0
0.558,0.04,0.01,0.2,0,0,0
0.559,0.04,0.01,0.2,0,0,0
0.56,0.04,0.01,0.2,0,0,0
0.577,0.04,0.01,0.2,0,0,0
0.577,0.04,0.01,0.2,0,0,0
0.577,0.04,0.01,0.2,0,0,0
0.578,0.04,0.01,0.2,0,0,0
0.578,0.04,0.01,0.2,0,0,0
0.578,0.04,0.01,0.2,0,0,0
0.578,0.04,0.01,0.2,0,0,0
0.578,0.03,0,0.21,0,0,0
0.578,0.03,0,0.21,0,0,0
0.579,0.03,0,0.21,0,0,0
0.579,0.03,0,0.21,0,0,0
0.581,0.03,0,0.21,0,0,0
0.585,0.03,0,0.21,0,0,0
0.585,0.01,-0.01,0.21,0,0,0
0.586,0.01,-0.01,0.21,0,0,0
0.587,0.01,-0.01,0.21,0,0,0
0.589,0.01,-0.01,0.21,0,0,0
0.595,0.01,-0.01,0.21,0,0,0
0.596,0.01,-0.01,0.21,0,0,0
0.596,0.01,-0.01,0.21,0,0,0
0.596,0.03,-0.01,0.19,0,0,0
0.6,0.03,-0.01,0.19,0,0,0
0.601,0.03,-0.01,0.19,0,0,0
0.601,0.03,-0.01,0.19,0,0,0
0.616,0.03,-0.01,0.19,0,0,0
0.617,0.03,-0.01,0.19,0,0,0
0.617,0.03,-0.01,0.19,0,0,0
0.617,0.03,-0.01,0.19,0,0,0
0.618,0.03,-0.01,0.19,0,0,0
0.618,0.03,-0.01,0.19,0,0,0
0.618,0.03,-0.01,0.19,0,0,0
0.618,0.03,-0.02,0.21,0,0,0
0.619,0.03,-0.02,0.21,0,0,0
0.619,0.03,-0.02,0.21,0,0,0
0.619,0.03,-0.02,0.21,0,0,0
0.621,0.03,-0.02,0.21,0,0,0
0.628,0.03,-0.02,0.21,0,0,0
0.629,0.03,-0.02,0.21,0,0,0
0.629,0.02,0.01,0.22,0,0,0
0.629,0.02,0.01,0.22,0,0,0
0.63,0.02,0.01,0.22,0,0,0
0.631,0.02,0.01,0.22,0,0,0
0.634,0.02,0.01,0.22,0,0,0
0.634,0.01,0,0.2,0,0,0
0.635,0.01,0,0.2,0,0,0
0.637,0.01,0,0.2,0,0,0
0.639,0.01,0,0.2,0,0,0
0.642,0.01,0,0.2,0,0,0
0.657,0.01,0,0.2,0,0,0
0.658,0.01,0,0.2,0,0,0
0.658,0.01,0,0.2,0,0,0
0.658,0.01,0,0.2,0,0,0
0.659,0.01,0,0.2,0,0,0
0.659,0.01,0,0.2,0,0,0
0.659,0.01,0,0.2,0,0,0
0.66,0.01,0,0.2,0,0,0
0.66,0.01,0,0.2,0,0,0
0.66,0.01,0,0.2,0,0,0
0.66,0.01,0,0.2,0,0,0
0.661,0.01,0,0.2,0,0,0
0.662,0.01,0,0.2,0,0,0
0.664,0.01,0,0.2,0,0,0
0.665,0.03,0.01,0.2,0,0,0
0.665,0.03,0.01,0.2,0,0,0
0.667,0.03,0.01,0.2,0,0,0
0.668,0.03,0.01,0.2,0,0,0
0.671,0.03,0.01,0.2,0,0,0
0.675,0.03,0.01,0.2,0,0,0
0.675,0.04,-0.01,0.21,0,0,0
0.68,0.04,-0.01,0.21,0,0,0
0.68,0.04,-0.01,0.21,0,0,0
0.681,0.04,-0.01,0.21,0,0,0
0.681,0.04,-0.01,0.21,0,0,0
0.697,0.04,-0.01,0.21,0,0,0
0.697,0.04,-0.01,0.21,0,0,0
0.697,0.04,-0.01,0.21,0,0,0
0.698,0.04,-0.01,0.21,0,0,0
0.698,0.04,-0.01,0.21,0,0,0
0.702,0.04,-0.01,0.21,0,0,0
0.702,0.04,-0.01,0.21,0,0,0
0.703,0,0,0.22,0,0,0
0.703,0,0,0.22,0,0,0
0.703,0,0,0.22,0,0,0
0.703,0,0,0.22,0,0,0
0.703,0,0,0.22,0,0,0
0.703,0,0,0.22,0,0,0
0.705,0,0,0.22,0,0,0
0.706,0,0,0.22,0,0,0
0.706,0.02,0.01,0.22,0,0,0
0.708,0.02,0.01,0.22,0,0,0
0.709,0.02,0.01,0.22,0,0,0
0.713,0.02,0.01,0.22,0,0.01,0
0.714,0.02,0.01,0.22,0,0,0
0.714,0.03,0,0.23,0,0,0
0.714,0.03,0,0.23,0,0,0
0.717,0.03,0,0.23,0,0,0
0.719,0.03,0,0.23,0,0,0
0.721,0.03,0,0.23,0,0,0
0.735,0.03,0,0.23,0,0,0
0.736,0.03,0,0.23,0,0,0
0.739,0.03,0,0.23,0,0,0
0.74,0.03,0,0.23,0,0,0
0.74,0.03,0,0.23,0,0,0
0.74,0.03,0,0.23,0,0,0
0.741,0.03,0,0.23,0,0,0
0.741,0.02,0.02,0.22,0,0,0
0.741,0.02,0.02,0.22,0,0,0
0.742,0.02,0.02,0.22,0,0,0
0.742,0.02,0.02,0.22,0,0,0
0.742,0.02,0.02,0.22,0,0,0
0.745,0.02,0.02,0.22,0,0,0
0.746,0.02,0.02,0.22,0,0,0
0.749,0.02,-0.02,0.2,0,0,0
0.749,0.02,-0.02,0.2,0,0,0
0.75,0.02,-0.02,0.2,0,0,0
0.751,0.02,-0.02,0.2,0,0,0
0.754,0.02,-0.02,0.2,0,0,0
0.754,0.03,-0.02,0.21,0,0,0
0.755,0.03,-0.02,0.21,0,0,0
0.757,0.03,-0.02,0.21,0,0,0
0.759,0.03,-0.02,0.21,0,0,0
0.761,0.03,-0.02,0.21,0,0,0
0.78,0.03,-0.02,0.21,0,0,0
0.78,0.03,-0.02,0.21,0,0,0
0.78,0.03,-0.02,0.21,0,0,0
0.781,0.03,-0.02,0.21,0,0,0
0.781,0.03,-0.02,0.21,0,0,0
0.781,0.03,-0.02,0.21,0,0,0
0.781,0.03,-0.02,0.21,0,0,0
0.781,0.02,-0.02,0.22,0,0,0
0.782,0.02,-0.02,0.22,0,0,0
0.782,0.02,-0.02,0.22,0,0,0
0.782,0.02,-0.02,0.22,0,0,0
0.782,0.02,-0.02,0.22,0,0,0
0.785,0.02,-0.02,0.22,0,0,0
0.785,0.02,-0.02,0.22,0,0,0
0.785,0,-0.01,0.23,0,0,0
0.787,0,-0.01,0.23,0,0,0
0.789,0,-0.01,0.23,0,0.01,0
0.792,0,-0.01,0.23,0,0,0
0.794,0,-0.01,0.23,0,0,0
0.795,0,-0.01,0.22,0,0,0
0.795,0,-0.01,0.22,0,0,0
0.797,0,-0.01,0.22,0,0,0
0.799,0,-0.01,0.22,0,0,0
0.801,0,-0.01,0.22,0,0,0
0.816,0,-0.01,0.22,0,0,0
0.817,0,-0.01,0.22,0,0,0
0.817,0,-0.01,0.22,0,0,0
0.817,0,-0.01,0.22,0,0,0
0.818,0,-0.01,0.22,0,0,0
0.818,0,-0.01,0.22,0,0,0
0.818,0,-0.01,0.22,0,0,0
0.818,0.02,0,0.22,0,0,0
0.819,0.02,0,0.22,0,0,0
0.819,0.02,0,0.22,0,0,0
0.819,0.02,0,0.22,0,0,0
0.819,0.02,0,0.22,0,0.01,0
0.821,0.02,0,0.22,0,0,0
0.83,0.02,0,0.22,0,0,0
0.831,0.02,0,0.22,0,0,0
0.831,0.02,0,0.22,0,0,0
0.831,0.02,0,0.21,0,0,0
0.831,0.02,0,0.21,0,0,0
0.832,0.02,0,0.21,0,0,0
0.834,0.02,0,0.21,0,0,0
0.834,0.01,-0.01,0.18,0,0,0
0.835,0.01,-0.01,0.18,0,0,0
0.837,0.01,-0.01,0.18,0,0,0
0.839,0.01,-0.01,0.18,0,0,0
0.841,0.01,-0.01,0.18,0,0,0
0.854,0.01,-0.01,0.18,0,0,0
0.855,0.01,-0.01,0.18,0,0,0
0.855,0.01,-0.01,0.18,0,0,0
0.855,0.01,-0.01,0.18,0,0,0
0.856,0.01,-0.01,0.18,0,0,0
0.856,0.01,-0.01,0.18,0,0,0
0.856,0.04,-0.01,0.2,0,0,0
0.856,0.04,-0.01,0.2,0,0,0
0.856,0.04,-0.01,0.2,-0.01,-0.01,0
0.857,0.04,-0.01,0.2,0,-0.01,0
0.859,0.04,-0.01,0.2,0,-0.01,0
0.861,0.04,-0.01,0.2,0,-0.01,0
0.864,0.04,-0.01,0.2,0,-0.01,0
0.865,0.04,-0.01,0.2,0,-0.01,0
0.865,0.04,-0.01,0.2,0,-0.01,0
0.867,0.04,-0.01,0.2,0,0,0
0.869,0.04,-0.01,0.2,0,0,0
0.871,0.04,-0.01,0.2,0,0,0
0.874,0.04,-0.01,0.2,0,0,0
0.874,0.04,-0.01,0.22,0,0,0
0.877,0.04,-0.01,0.22,0,0,0
0.877,0.04,-0.01,0.22,0,0,0
0.879,0.04,-0.01,0.22,0,0,0
0.881,0.04,-0.01,0.22,0,0,0
0.896,0.04,-0.01,0.22,0,0,0
0.897,0.04,-0.01,0.22,0.01,0.01,0
0.897,0.04,-0.01,0.22,0.01,0.01,0
0.897,0.04,-0.01,0.22,0.01,0.01,0
0.898,0.04,-0.01,0.22,0.01,0.01,0
0.901,0.04,-0.01,0.22,0.01,0.01,0
0.901,0.04,-0.01,0.22,0.01,0.01,0
0.902,0.04,-0.01,0.22,0,0.01,0
0.902,-0.05,0,0.25,0,0.01,0
0.902,-0.05,0,0.25,0,0.01,0
0.902,-0.04,0,0.25,0,0.01,0
0.903,-0.04,0,0.25,0.01,0.01,0
0.903,-0.04,0,0.25,0,0.01,0
0.904,-0.04,0,0.25,0.01,0.01,0
0.904,-0.01,0.01,0.26,0.01,0.01,0
0.905,-0.01,0.01,0.26,0,0.01,0
0.907,-0.01,0.01,0.26,0,0.01,0
0.909,-0.01,0.01,0.26,0,0.01,0
0.911,-0.01,0.01,0.26,0,0.01,0
0.914,-0.01,0.01,0.26,0,0.01,0
0.914,0,0,0.22,0,0.01,0
0.915,0,0,0.22,0.01,0,0
0.916,0,0,0.22,0,0,0
0.919,0,0,0.22,0,0,0
0.92,0,0,0.22,0,0,0
0.938,0,0,0.22,0,0,0
0.938,0,0,0.22,0,-0.01,0
0.939,0,0,0.22,0,0,0
0.939,0,0,0.22,0,0,0
0.939,0,0,0.22,0,0,0
0.939,0,0,0.22,0,0,0
0.939,0,0,0.22,0,-0.01,0
0.939,0,0,0.22,0,-0.01,0
0.94,0.01,0,0.21,0,-0.01,0
0.94,0.01,0,0.21,0,-0.01,0
0.94,0.01,0.01,0.21,0,-0.01,0
0.94,0.01,0.01,0.21,-0.01,-0.01,0
0.942,0.01,0.01,0.21,0,-0.01,0
0.945,0.01,0.01,0.21,-0.01,-0.01,0
0.946,0.01,0.01,0.21,0,-0.01,0
0.946,0.04,0,0.2,0,-0.01,0
0.946,0.04,0,0.2,0,-0.01,0
0.949,0.04,0,0.2,0,-0.01,0
0.951,0.04,0,0.2,0,-0.01,0
0.954,0.04,0,0.2,-0.01,-0.01,0
0.955,0.05,0,0.19,-0.01,-0.01,0
0.955,0.05,0,0.19,0,-0.01,0
0.957,0.05,0,0.19,-0.01,-0.01,0
0.959,0.05,0,0.19,0,-0.01,0
0.962,0.05,0,0.19,0,-0.01,0
0.98,0.05,0,0.19,0,0,0
0.98,0.05,0,0.19,0,0,0
0.98,0.05,0,0.19,0,0,0
0.981,0.05,0,0.19,0,0,0
0.981,0.05,0,0.19,0,0,0
0.981,0.05,0,0.19,0,0,0
0.981,0.05,0,0.19,0,0,0
0.981,0.02,-0.01,0.22,0,0,0
0.982,0.02,-0.01,0.22,0,0,0
0.982,0.02,-0.01,0.22,0,0,0
0.982,0.02,-0.01,0.22,0,0,0
0.982,0.02,-0.01,0.22,0,0,0
0.985,0.02,-0.01,0.22,0,0.01,0
0.986,0.05,-0.01,0.21,0,0.01,0
0.986,0.05,-0.01,0.21,0,0.01,0
0.987,0.05,-0.01,0.21,0,0.01,0
0.989,0.05,-0.01,0.21,0.01,0.01,0
0.992,0.05,-0.01,0.21,0,0.01,0
0.995,0.05,-0.01,0.21,0,0.01,0
0.995,0.05,-0.01,0.21,0,0.01,0
0.995,0.03,0,0.15,0,0.01,0
0.997,0.03,0,0.15,0,0.01,0
0.999,0.03,0,0.15,0,0,0
1.001,0.03,0,0.15,0,0.01,0
1.016,0.03,0,0.15,0,0.01,0
1.017,0.03,0,0.15,0,0,0
1.017,0.03,0,0.15,0,0,0
1.017,0.03,0,0.15,0,0,0
1.018,0.03,0,0.15,0,0,0
1.018,0.03,0,0.15,0,0,0
1.018,0.03,0,0.15,0,0,0
1.018,0.03,0,0.15,0,0,0
1.018,-0.01,0,0.24,0,0,0
1.018,-0.01,0,0.24,0,0,0
1.019,-0.01,0,0.24,0,0,0
1.021,-0.01,0,0.24,0,0,0
1.024,-0.01,0,0.24,0,0,0
1.024,-0.02,-0.02,0.23,0,0,0
1.03,-0.02,-0.02,0.23,0,0,0
1.03,-0.02,-0.02,0.23,0,0,0
1.031,-0.02,-0.02,0.23,0,0,0
1.031,-0.02,-0.02,0.23,0,0,0
1.034,-0.02,-0.02,0.23,0,0,0
1.034,0.01,0.01,0.21,0,0,0
1.035,0.01,0.01,0.21,0,-0.01,0
1.037,0.01,0.01,0.21,0,0,0
1.039,0.01,0.01,0.21,0,0,0
1.041,0.01,0.01,0.21,0,0,0
1.058,0.01,0.01,0.21,0,0,0
1.059,0.01,0.01,0.21,0,0,0
1.059,0.01,0.01,0.21,0,0,0
1.06,0.01,0.01,0.21,0,0,0
1.06,0.01,0.01,0.21,0,0,0
1.06,0.01,0.01,0.21,0,0,0
1.061,0.01,0.01,0.21,0,0,0
1.066,0.03,0.03,0.21,0,0,0
1.067,0.03,0.03,0.21,0,0,0
1.067,0.03,0.03,0.21,0,0,0
1.067,0.03,0.03,0.21,0,0,0
1.067,0.03,0.03,0.21,0,0,0
1.067,0.03,0.03,0.21,0,0,0
1.068,0.03,0.03,0.21,0,0,0
1.068,0.03,0.03,0.21,0,0,0
1.068,0.01,0.01,0.2,0,0,0
1.068,0.01,0.01,0.2,0,0,0
1.074,0.01,0.01,0.2,0,0,0
1.075,0.01,0.01,0.2,0,0,0
1.076,0.01,0.01,0.2,0,0,0
1.076,0.01,0.01,0.2,0,0,0
1.076,0.02,0,0.2,0,0,0
1.076,0.02,0,0.2,0,0,0
1.081,0.02,0,0.2,0,0,0
1.083,0.02,0,0.2,0,0,0
1.097,0.02,0,0.2,0,0,0
1.097,0.02,0,0.2,0,0,0
1.098,0.02,0,0.2,0,0,0
1.098,0.02,0,0.2,0,0,0
1.098,0.02,0,0.2,0,0,0
1.098,0.02,0,0.2,0,0,0
1.098,0.02,0,0.2,0,0,0
1.098,0.02,0,0.2,0,0,0
1.098,0.03,0,0.19,0,0,0
1.099,0.03,0,0.19,0,0,0
1.099,0.03,0,0.19,0,0,0
1.099,0.03,0,0.19,0,0,0
1.101,0.03,0,0.19,0,0,0
1.104,0.03,0,0.19,0,0,0
1.104,0.01,-0.04,0.19,0,0,0
1.105,0.01,-0.04,0.19,0,0,0
1.107,0.01,-0.04,0.19,0,0,0
1.109,0.01,-0.04,0.19,0,0,0
1.112,0.01,-0.04,0.19,0,0,0
1.115,0.01,-0.04,0.19,0,0,0
1.115,0.01,-0.04,0.19,0,0,0
1.115,0.03,-0.04,0.2,0,0,0
1.118,0.03,-0.04,0.2,0,0,0
1.119,0.03,-0.04,0.2,0,0,0
1.121,0.03,-0.04,0.2,0,0,0
1.137,0.03,-0.04,0.2,0,0,0
1.137,0.03,-0.04,0.2,0,0,0
1.137,0.03,-0.04,0.2,0,0,0
1.138,0.03,-0.04,0.2,0,0,0
1.138,0.03,-0.04,0.2,0,0,0
1.138,0.03,-0.04,0.2,0,0,0
1.138,0.03,-0.04,0.2,0,0,0
1.139,0.04,0.02,0.2,0,0,0
1.139,0.04,0.02,0.2,0,0,0
1.139,0.04,0.02,0.2,0,0,0
1.14,0.04,0.02,0.2,0,0,0
1.141,0.04,0.02,0.2,0,0,0
1.146,0.04,0.02,0.2,0,0,0
1.147,0.04,0.02,0.2,0,0.01,0
1.147,0.03,0.03,0.21,0,0.01,0
1.147,0.03,0.03,0.21,0,0.01,0
1.149,0.03,0.03,0.21,0,0.01,0
1.151,0.03,0.03,0.21,0,0,0
1.155,0.03,0.03,0.21,0,0,0
1.155,0.03,0.03,0.21,0,0,0
1.155,-0.01,0.01,0.22,0,0,0
1.158,-0.01,0.01,0.22,0,0.01,0
1.159,-0.01,0.01,0.22,0,0.01,0
1.164,-0.01,0.01,0.22,0,0.01,0
1.176,-0.01,0.01,0.22,0,0.01,0
1.176,-0.01,0.01,0.22,0,0,0
1.177,-0.01,0.01,0.22,0,0,0
1.177,-0.01,0.01,0.22,0,0,0
1.178,-0.01,0.01,0.22,0,0,0
1.178,-0.01,0.01,0.22,0,0,0
1.178,-0.01,0.01,0.22,0,0,0
1.179,0.03,0.02,0.18,0,0,0
1.179,0.03,0.02,0.18,0,0,0
1.179,0.03,0.02,0.18,0,0,0
1.18,0.03,0.02,0.18,0,0,0
1.181,0.03,0.02,0.18,0,0,0
1.184,0.03,0.02,0.18,0,0,0
1.184,0.02,-0.02,0.19,0,0,0
1.184,0.02,-0.02,0.19,0,-0.01,0
1.186,0.02,-0.02,0.19,0,-0.01,0
1.188,0.02,-0.02,0.19,-0.01,-0.01,0
1.19,0.02,-0.02,0.19,0,-0.01,0
1.197,0.02,-0.02,0.19,0,-0.01,0
1.197,0.01,-0.05,0.18,0,-0.01,0
1.198,0.01,-0.05,0.18,-0.01,-0.01,0
1.198,0.01,-0.05,0.18,-0.01,-0.01,0
1.204,0.01,-0.05,0.18,0,-0.01,0
1.204,0.01,-0.05,0.18,0,-0.01,0
1.215,0.01,-0.05,0.18,0,-0.01,0
1.217,0.01,-0.05,0.18,0,-0.01,0
1.217,0.01,-0.05,0.18,0,-0.01,0
1.217,0.01,-0.05,0.18,0,-0.01,0
1.217,0.01,-0.05,0.18,0,-0.01,0
1.218,0.01,-0.05,0.18,0,0,0
1.218,0.01,-0.05,0.18,0,-0.01,0
1.219,0.01,-0.01,0.23,0,-0.01,0
1.219,0.01,-0.01,0.23,0,-0.01,0
1.222,0.01,-0.01,0.23,0,0,0
1.222,0.01,-0.01,0.23,0,0,0
1.223,0.01,-0.01,0.23,0,0,0
1.224,0.01,-0.01,0.23,0,0,0
1.224,0.05,0.03,0.25,0,0,0
1.225,0.05,0.03,0.25,0,0,0
1.226,0.05,0.03,0.25,0,0,0
1.23,0.05,0.03,0.25,0,0,0
1.23,0.05,0.03,0.25,0,0.01,0
1.233,0.05,0.03,0.25,0,0.01,0
1.234,0.03,0.04,0.23,0,0.01,0
1.234,0.03,0.04,0.23,0.01,0.01,0
1.237,0.03,0.04,0.23,0,0.01,0
1.239,0.03,0.04,0.23,0,0.01,0
1.241,0.03,0.04,0.23,0,0.01,0
1.256,0.03,0.04,0.23,0.01,0.01,0
1.257,0.03,0.04,0.23,0,0.01,0
1.257,0.03,0.04,0.23,0,0.01,0
1.258,0.03,0.04,0.23,0,0.01,0
1.258,0.03,0.04,0.23,0,0.01,0
1.258,0.03,0.04,0.23,0,0.01,0
1.258,0.03,0.04,0.23,0,0.01,0
1.258,0.01,0.01,0.22,0,0.01,0
1.259,0.01,0.01,0.22,0,0.01,0
1.259,0.01,0.01,0.22,0,0.01,0
1.259,0.01,0.01,0.22,0,0.01,0
1.259,0.01,0.01,0.22,0,0.01,0
1.261,0.01,0.01,0.22,0,0,0
1.264,0.01,0.01,0.22,0,0,0
1.264,0.01,0,0.19,0,0,0
1.264,0.01,0,0.19,0,0,0
1.266,0.01,0,0.19,0,0,0
1.268,0.01,0,0.19,0,0,0
1.27,0.01,0,0.19,0,0,0
1.273,0.01,0,0.19,0,0,0
1.273,0.01,-0.02,0.21,0,0,0
1.275,0.01,-0.02,0.21,0,-0.01,0
1.28,0.01,-0.02,0.21,0,0,0
1.281,0.01,-0.02,0.21,0,-0.01,0
1.281,0.01,-0.02,0.21,0,-0.01,0
1.297,0.01,-0.02,0.21,-0.01,-0.01,0
1.298,0.01,-0.02,0.21,0,-0.01,0
1.298,0.01,-0.02,0.21,0,-0.01,0
1.298,0.01,-0.02,0.21,0,-0.01,0
1.298,0.01,-0.02,0.21,0,-0.01,0
1.299,0.01,-0.02,0.21,0,-0.01,0
1.299,0.01,-0.02,0.21,0,-0.01,0
1.299,0.01,-0.02,0.21,0,-0.01,0
1.299,0.01,-0.06,0.19,0,-0.01,0
1.3,0.01,-0.06,0.19,0,-0.01,0
1.3,0.01,-0.06,0.19,0,-0.01,0
1.3,0.01,-0.06,0.19,0,-0.01,0
1.304,0.01,-0.06,0.19,0,-0.01,0
1.304,0.01,-0.03,0.2,0,-0.01,0
1.305,0.01,-0.03,0.2,0,-0.01,0
1.306,0.01,-0.03,0.2,0,0,0
1.309,0.01,-0.03,0.2,0,0,0
1.313,0.01,-0.03,0.2,0,0,0
1.314,0.01,-0.03,0.2,0,0,0
1.314,0.04,0,0.23,0,0,0
1.314,0.04,0,0.23,0,0,0
1.316,0.04,0,0.23,0,0,0
1.318,0.04,0,0.23,0,0,0
1.32,0.04,0,0.23,0,0,0
1.335,0.04,0,0.23,0,0.01,0
1.336,0.04,0,0.23,0,0.01,0
1.336,0.04,0,0.23,0.01,0.01,0
1.337,0.04,0,0.23,0.01,0.01,0
1.337,0.04,0,0.23,0.01,0.01,0
1.337,0.04,0,0.23,0.01,0.01,0
1.338,0.04,0,0.23,0.01,0.01,0
1.339,0.03,0.03,0.21,0.01,0.01,0
1.339,0.03,0.03,0.21,0.01,0.01,0
1.339,0.03,0.03,0.21,0,0.01,0
1.34,0.03,0.03,0.21,0,0.01,0
1.34,0.03,0.03,0.21,0,0,0
1.346,0.03,0.03,0.21,0,0.01,0
1.347,0.03,0.03,0.21,0,0,0
1.347,0.01,0,0.22,0,0,0
1.347,0.01,0,0.22,0,0.01,0
1.349,0.01,0,0.22,0,0.01,0
1.35,0.01,0,0.22,0,0,0
1.353,0.01,0,0.22,0,0,0
1.354,0.01,-0.01,0.16,0,0,0
1.354,0.01,-0.01,0.16,0,0,0
1.356,0.01,-0.01,0.16,0,0,0
1.359,0.01,-0.01,0.16,0,0,0
1.36,0.01,-0.01,0.16,0,0,0
1.376,0.01,-0.01,0.16,0,0,0
1.376,0.01,-0.01,0.16,0,0,0
1.377,0.01,-0.01,0.16,0,0,0
1.378,0.01,-0.01,0.16,0,0,0
1.378,0.01,-0.01,0.16,0,0,0
1.378,0.01,-0.01,0.16,0,0,0
1.379,0.01,-0.01,0.16,0,0,0
1.379,0.03,0.03,0.17,0,0,0
1.379,0.03,0.03,0.17,0,0,0
1.38,0.03,0.03,0.17,0,-0.01,0
1.38,0.03,0.03,0.17,0,0,0
1.38,0.03,0.03,0.17,0,-0.01,0
1.384,0.03,0.03,0.17,0,-0.01,0
1.385,0,0,0.23,0,-0.01,0
1.385,0,0,0.23,0,0,0
1.386,0,0,0.23,0,0,0
1.388,0,0,0.23,0,-0.01,0
1.39,0,0,0.23,-0.01,0,0
1.396,0,0,0.23,0,0,0
1.397,0.02,-0.03,0.21,0,0,0
1.398,0.02,-0.03,0.21,0,-0.01,0
1.398,0.02,-0.03,0.21,0,0,0
1.398,0.02,-0.03,0.21,0,-0.01,0
1.404,0.02,-0.03,0.21,0,0,0
1.416,0.02,-0.03,0.21,0,0,0
1.417,0.02,-0.03,0.21,0,0,0
1.417,0.02,-0.03,0.21,0,0,0
1.417,0.02,-0.03,0.21,0,0,0
1.418,0.02,-0.03,0.21,0,0,0
1.418,0.02,-0.03,0.21,0,0,0
1.418,0.02,-0.03,0.21,0,0,0
1.418,0.01,-0.02,0.22,0,0,0
1.418,0.01,-0.02,0.22,0,0,0
1.419,0.01,-0.02,0.22,0,0,0
1.419,0.01,-0.02,0.22,0,0,0
1.419,0.01,-0.02,0.22,0,0,0
1.42,0.01,-0.02,0.22,0,0,0
1.424,0.01,-0.02,0.22,0.01,0,0
1.424,0,0.01,0.28,0.01,0,0
1.424,0,0.01,0.28,0,0,0
1.427,0,0.01,0.28,0.01,0,0
1.431,0,0.01,0.28,0,0.01,0
1.431,0,0.01,0.28,0,0.01,0
1.433,0,0.01,0.28,0.01,0.01,0
1.434,0,0.01,0.23,0.01,0.01,0
1.434,0,0.01,0.23,0,0.01,0
1.436,0,0.01,0.23,0.01,0.01,0
1.438,0,0.01,0.23,0.01,0.01,0
1.44,0,0.01,0.23,0,0.01,0
1.456,0,0.01,0.23,0,0.01,0
1.457,0,0.01,0.23,0,0,0
1.457,0,0.01,0.23,0,0,0
1.457,0,0.01,0.23,0,0,0
1.458,0,0.01,0.23,0,0,0
1.458,0,0.01,0.23,0,0,0
1.458,0,0.01,0.23,0,0,0
1.459,0.01,0.01,0.19,0,0,0
1.459,0.01,0.01,0.19,0,0,0
1.459,0.01,0.01,0.19,0,0,0
1.459,0.01,0.01,0.19,0,0,0
1.461,0.01,0.01,0.19,0,0,0
1.464,0.01,0.01,0.19,0,0,0
1.465,0.03,0.03,0.19,0,0,0
1.465,0.03,0.03,0.19,0,0,0
1.466,0.03,0.03,0.19,0,0,0
1.468,0.03,0.03,0.19,0,0,0
1.47,0.03,0.03,0.19,0,0,0
1.473,0.03,0.03,0.19,0,0,0
1.473,0.04,0.04,0.2,0,0,0
1.474,0.04,0.04,0.2,0,0,0
1.477,0.04,0.04,0.2,0,0,0
1.479,0.04,0.04,0.2,0,-0.01,0
1.48,0.04,0.04,0.2,0,-0.01,0
1.497,0.04,0.04,0.2,0,-0.01,0
1.498,0.04,0.04,0.2,0,-0.01,0
1.498,0.04,0.04,0.2,0,-0.01,0
1.498,0.04,0.04,0.2,-0.01,-0.01,0
1.498,0.04,0.04,0.2,-0.01,-0.01,0
1.498,0.04,0.04,0.2,-0.01,-0.01,0
1.499,0.04,0.04,0.2,-0.01,-0.01,0
1.499,0.02,-0.05,0.23,-0.01,-0.01,0
1.499,0.02,-0.04,0.23,-0.01,-0.01,0
1.499,0.02,-0.04,0.23,-0.01,-0.01,0
1.499,0.02,-0.04,0.23,0,0,0
1.5,0.02,-0.04,0.23,0,-0.01,0
1.504,0.02,-0.04,0.23,0,0,0
1.505,0.02,-0.04,0.23,0,0,0
1.505,0.02,-0.04,0.23,0,-0.01,0
1.505,0.03,-0.05,0.16,0,-0.01,0
1.506,0.03,-0.05,0.16,0,0,0
1.508,0.03,-0.05,0.16,0,-0.01,0
1.512,0.03,-0.05,0.16,0,0,0
1.513,0.03,-0.05,0.16,0,0,0
1.514,0.02,-0.02,0.16,0,0,0
1.514,0.02,-0.02,0.16,0,0,0
1.516,0.02,-0.02,0.16,0,0,0
1.519,0.02,-0.02,0.16,0,0,0
1.52,0.02,-0.02,0.16,0.01,0,0
1.536,0.02,-0.02,0.16,0.01,0.01,0
1.537,0.02,-0.02,0.16,0,0.01,0
1.537,0.02,-0.02,0.16,0,0.01,0
1.537,0.02,-0.02,0.16,0,0.01,0
1.537,0.02,-0.02,0.16,0.01,0.01,0
1.538,0.02,-0.02,0.16,0.01,0.01,0
1.538,0.02,-0.02,0.16,0.01,0.01,0
1.539,-0.01,0,0.19,0.01,0.01,0
1.539,-0.01,0,0.19,0.01,0.01,0
1.54,-0.01,0,0.19,0,0.01,0
1.541,-0.01,0,0.19,0,0.01,0
1.541,-0.01,0,0.19,0,0.01,0
1.544,-0.01,0,0.19,0,0.01,0
1.545,0.01,0.01,0.19,0,0.01,0
1.549,0.01,0.01,0.19,0,0.01,0
1.549,0.01,0.01,0.19,0,0,0
1.549,0.01,0.01,0.19,0,0.01,0
1.551,0.01,0.01,0.19,0,0,0
1.553,0.01,0.01,0.19,0.01,0,0
1.553,0.02,-0.01,0.18,0.01,0,0
1.554,0.02,-0.01,0.18,0,0,0
1.556,0.02,-0.01,0.18,0,0,0
1.559,0.02,-0.01,0.18,0,0,0
1.561,0.02,-0.01,0.18,0,0,0
1.576,0.02,-0.01,0.18,0,0,0
1.577,0.02,-0.01,0.18,-0.01,-0.01,0
1.577,0.02,-0.01,0.18,-0.01,-0.01,0
1.577,0.02,-0.01,0.18,-0.01,-0.01,0
1.577,0.02,-0.01,0.18,0,-0.01,0
1.578,0.02,-0.01,0.18,0,-0.01,0
1.578,0.02,-0.01,0.18,0,-0.01,0
1.578,0.03,0.01,0.16,0,-0.01,0
1.578,0.03,0.01,0.16,0,-0.01,0
1.579,0.03,0.01,0.16,-0.01,-0.01,0
1.579,0.03,0.01,0.16,0,-0.01,0
1.58,0.03,0.01,0.16,-0.01,-0.01,0
1.584,0.03,0.01,0.16,0,-0.01,0
1.584,0.03,-0.01,0.19,0,-0.01,0
1.584,0.03,-0.01,0.19,0,-0.01,0
1.586,0.03,-0.01,0.19,-0.01,-0.01,0
1.588,0.03,-0.01,0.19,-0.01,-0.01,0
1.59,0.03,-0.01,0.19,0,-0.01,0
1.599,0.03,-0.01,0.19,-0.01,-0.01,0
1.6,0.03,-0.01,0.19,-0.01,-0.02,0
1.601,0.05,-0.03,0.19,-0.01,-0.02,0
1.601,0.05,-0.03,0.19,-0.01,-0.03,0
1.601,0.05,-0.03,0.19,-0.02,-0.05,0
1.602,0.05,-0.03,0.19,-0.03,-0.06,0
1.622,0.05,-0.03,0.19,-0.04,-0.09,0
1.623,0.05,-0.03,0.19,-0.03,-0.06,0
1.623,0.05,-0.03,0.19,-0.02,-0.04,0
1.623,0.05,-0.03,0.19,-0.02,-0.04,0
1.623,0.05,-0.03,0.19,-0.02,-0.04,0
1.623,0.05,-0.03,0.19,-0.01,-0.02,0
1.623,0.05,-0.03,0.19,0,0,0
1.624,0.09,-0.01,0.58,0,0,0
1.624,0.08,-0.01,0.58,0,0,0
1.624,0.08,-0.01,0.58,0.01,0.03,0
1.624,0.08,-0.01,0.58,0.04,0.08,0
1.624,0.08,-0.01,0.58,0.06,0.13,0
1.624,0.08,-0.01,0.58,0.07,0.14,0
1.624,0.08,-0.04,0.78,0.07,0.14,0
1.625,0.08,-0.04,0.78,0.09,0.18,0
1.628,0.08,-0.04,0.78,0.1,0.21,0
1.629,0.08,-0.04,0.78,0.11,0.22,0
1.63,0.08,-0.04,0.78,0.11,0.22,0
1.634,0.08,-0.04,0.78,0.11,0.22,-0.01
1.634,-0.05,-0.05,0.17,0.11,0.22,-0.01
1.634,-0.05,-0.05,0.17,0.1,0.2,-0.01
1.637,-0.05,-0.05,0.17,0.09,0.17,0
1.638,-0.05,-0.05,0.17,0.08,0.15,0
1.64,-0.05,-0.05,0.17,0.06,0.12,0
1.656,-0.05,-0.05,0.17,0.04,0.08,0
1.657,-0.05,-0.05,0.17,0,-0.01,0
1.657,-0.05,-0.05,0.17,-0.01,-0.01,0
1.657,-0.05,-0.05,0.17,-0.01,-0.02,0
1.657,-0.05,-0.05,0.17,-0.01,-0.02,0
1.658,-0.05,-0.05,0.17,-0.01,-0.02,0
1.658,-0.05,-0.05,0.17,-0.01,-0.02,0
1.658,-0.03,0.02,0.14,-0.01,-0.02,0
1.658,-0.02,0.02,0.14,-0.01,-0.02,0
1.658,-0.02,0.02,0.14,-0.01,-0.03,0
1.659,-0.02,0.02,0.14,-0.02,-0.05,0
1.662,-0.02,0.02,0.14,-0.02,-0.06,0
1.664,-0.02,0.02,0.14,-0.04,-0.08,0
1.664,-0.02,0.02,0.14,-0.04,-0.08,0
1.665,0.03,0.11,-0.09,-0.04,-0.08,0
1.666,0.03,0.11,-0.09,-0.05,-0.08,0
1.669,0.03,0.11,-0.09,-0.05,-0.09,0
1.67,0.03,0.11,-0.09,-0.04,-0.09,0
1.673,0.03,0.11,-0.09,-0.04,-0.09,0
1.673,0.07,0,0.25,-0.04,-0.09,0
1.674,0.07,0,0.25,-0.04,-0.08,0
1.68,0.07,0,0.25,-0.05,-0.09,0
1.68,0.07,0,0.25,-0.05,-0.09,0
1.681,0.07,0,0.25,-0.05,-0.11,0
1.697,0.07,0,0.25,-0.06,-0.12,0.01
1.698,0.07,0,0.25,-0.07,-0.13,0.01
1.698,0.07,0,0.25,-0.07,-0.13,0.01
1.698,0.07,0,0.25,-0.07,-0.13,0.01
1.698,0.07,0,0.25,-0.07,-0.13,0.01
1.698,0.07,0,0.25,-0.06,-0.13,0.01
1.699,0.07,0,0.25,-0.06,-0.12,0.01
1.699,0.07,-0.05,0.32,-0.06,-0.12,0.01
1.699,0.04,-0.03,0.32,-0.06,-0.12,0.01
1.699,0.04,-0.03,0.32,-0.06,-0.12,0.01
1.699,0.04,-0.03,0.32,-0.06,-0.12,0.01
1.7,0.04,-0.03,0.32,-0.07,-0.18,0.01
1.704,0.04,-0.03,0.32,-0.11,-0.26,0.01
1.704,-0.45,0.04,-0.31,-0.11,-0.26,0.01
1.704,-0.45,0.04,-0.31,-0.13,-0.28,0.02
1.706,-0.45,0.04,-0.31,-0.15,-0.28,0.01
1.71,-0.45,0.04,-0.31,-0.14,-0.25,0.01
1.713,-0.45,0.04,-0.31,-0.14,-0.2,0.01
1.717,-0.45,0.04,-0.31,0.04,-0.07,0.02
1.717,0.34,-0.31,2.16,0.04,-0.07,0.02
1.717,0.34,-0.31,2.16,0.02,-0.01,0.01
1.717,0.34,-0.31,2.16,-0.06,-0.02,0.03
1.718,0.34,-0.31,2.16,-0.04,-0.01,0.04
1.72,0.34,-0.31,2.16,0.02,-0.07,0.09
1.736,0.34,-0.31,2.16,-0.02,-0.06,0.16
1.736,0.34,-0.31,2.16,-0.01,-0.06,0.29
1.737,0.34,-0.31,2.16,-0.01,-0.06,0.29
1.737,0.34,-0.31,2.16,-0.01,-0.06,0.29
1.737,0.34,-0.31,2.16,-0.02,-0.05,0.31
1.737,0.34,-0.31,2.16,-0.03,-0.04,0.33
1.737,0.34,-0.31,2.16,-0.03,-0.04,0.33
1.738,-1.59,-0.3,-0.27,-0.03,-0.04,0.33
1.738,-1.6,-0.3,-0.27,-0.03,-0.04,0.33
1.738,-1.6,-0.3,-0.27,-0.03,-0.04,0.33
1.738,-1.6,-0.3,-0.27,-0.08,-0.02,0.39
1.739,-1.6,-0.3,-0.27,-0.1,-0.03,0.45
1.74,-1.6,-0.3,-0.27,-0.12,-0.02,0.48
1.744,-1.6,-0.3,-0.27,-0.16,-0.02,0.54
1.744,-1.93,-0.93,0.23,-0.16,-0.02,0.54
1.744,-1.93,-0.93,0.23,-0.16,0.06,0.59
1.746,-1.93,-0.93,0.23,-0.19,0.18,0.64
1.748,-1.93,-0.93,0.23,-0.21,0.22,0.67
1.75,-1.93,-0.93,0.23,-0.25,0.24,0.73
1.754,-1.93,-0.93,0.23,-0.28,0.25,0.78
1.755,-2,-1.15,0.36,-0.28,0.25,0.78
1.755,-2,-1.15,0.36,-0.3,0.25,0.82
1.756,-2,-1.15,0.36,-0.33,0.27,0.89
1.762,-2,-1.15,0.36,-0.36,0.3,0.95
1.763,-2,-1.15,0.36,-0.37,0.3,1.01
1.776,-2,-1.15,0.36,-0.38,0.29,1.03
1.777,-2,-1.15,0.36,-0.25,-0.03,1.12
1.777,-2,-1.15,0.36,-0.25,-0.01,1.12
1.777,-2,-1.15,0.36,-0.24,-0.01,1.12
1.778,-2,-1.15,0.36,-0.24,-0.01,1.12
1.779,-2,-1.15,0.36,-0.24,-0.01,1.12
1.779,-2,-1.15,0.36,-0.24,-0.01,1.12
1.779,-1.21,-0.02,-0.33,-0.24,-0.01,1.12
1.779,-1.16,0.05,-0.33,-0.24,-0.01,1.12
1.78,-1.16,0.05,-0.33,-0.24,-0.02,1.11
1.78,-1.16,0.05,-0.33,-0.22,-0.05,1.1
1.781,-1.16,0.05,-0.33,-0.21,-0.07,1.07
1.785,-1.16,0.05,-0.33,-0.23,-0.06,1.03
1.785,0.85,0.19,0.35,-0.23,-0.06,1.03
1.786,0.85,0.19,0.35,-0.25,-0.07,1.02
1.787,0.85,0.19,0.35,-0.28,-0.07,0.98
1.788,0.85,0.19,0.35,-0.3,-0.06,0.94
1.79,0.85,0.19,0.35,-0.33,-0.09,0.91
1.797,0.85,0.19,0.35,-0.33,-0.1,0.89
1.797,2.23,0.56,0.64,-0.33,-0.1,0.89
1.797,2.23,0.56,0.64,-0.34,-0.1,0.85
1.797,2.23,0.56,0.64,-0.34,-0.14,0.81
1.798,2.23,0.56,0.64,-0.33,-0.16,0.79
1.803,2.23,0.56,0.64,-0.31,-0.21,0.75
1.816,2.23,0.56,0.64,-0.27,-0.27,0.71
1.816,2.23,0.56,0.64,-0.11,-0.54,0.53
1.816,2.23,0.56,0.64,-0.11,-0.54,0.53
1.816,2.23,0.56,0.64,-0.11,-0.54,0.53
1.817,2.23,0.56,0.64,-0.11,-0.54,0.53
1.817,2.23,0.56,0.64,-0.1,-0.58,0.51
1.817,2.23,0.56,0.64,-0.09,-0.62,0.49
1.817,2.54,1.86,1.38,-0.09,-0.62,0.49
1.817,2.47,1.9,1.38,-0.09,-0.62,0.49
1.817,2.47,1.9,1.38,-0.07,-0.7,0.47
1.818,2.47,1.9,1.38,-0.06,-0.78,0.46
1.82,2.47,1.9,1.38,-0.05,-0.81,0.46
1.824,2.47,1.9,1.38,-0.05,-0.88,0.48
1.824,0.6,0.87,1.26,-0.05,-0.88,0.48
1.824,0.6,0.87,1.26,-0.05,-0.94,0.51
1.826,0.6,0.87,1.26,-0.04,-1,0.55
1.83,0.6,0.87,1.26,-0.04,-1.03,0.57
1.83,0.6,0.87,1.26,-0.04,-1.1,0.59
1.833,0.6,0.87,1.26,-0.04,-1.19,0.6
1.833,-0.33,0.74,1.61,-0.04,-1.19,0.6
1.834,-0.33,0.74,1.61,-0.03,-1.37,0.63
1.836,-0.33,0.74,1.61,-0.03,-1.49,0.66
1.838,-0.33,0.74,1.61,-0.01,-1.77,0.72
1.84,-0.33,0.74,1.61,0,-2.06,0.79
1.856,-0.33,0.74,1.61,0.01,-2.22,0.83
1.857,-0.33,0.74,1.61,0.06,-3.57,1.32
1.857,-0.33,0.74,1.61,0.06,-3.57,1.32
1.857,-0.33,0.74,1.61,0.06,-3.57,1.32
1.858,-0.33,0.74,1.61,0.07,-3.71,1.4
1.859,-0.33,0.74,1.61,0.07,-3.84,1.47
1.859,-0.33,0.74,1.61,0.07,-3.84,1.47
1.859,0.5,3.33,4.7,0.07,-3.84,1.47
1.86,-0.06,3.34,4.75,0.07,-3.84,1.47
1.86,-0.06,3.34,4.75,0.07,-4.06,1.61
1.86,-0.06,3.34,4.75,0.07,-4.17,1.68
1.861,-0.06,3.34,4.75,0.06,-4.36,1.81
1.863,-0.06,3.34,4.75,0.05,-4.53,1.96
1.864,0.31,3.44,3.21,0.05,-4.53,1.96
1.865,0.31,3.44,3.21,0.04,-4.61,2.06
1.866,0.31,3.44,3.21,0.06,-4.76,2.29
1.868,0.31,3.44,3.21,0.07,-4.88,2.47
1.871,0.31,3.44,3.21,0.07,-4.98,2.55
1.873,0.31,3.44,3.21,0.08,-5.01,2.59
1.873,1.47,2.48,1.33,0.08,-5.01,2.59
1.874,1.47,2.48,1.33,0.14,-5.07,2.72
1.878,1.47,2.48,1.33,0.23,-5.06,2.91
1.884,1.47,2.48,1.33,0.32,-4.98,3.13
1.884,1.47,2.48,1.33,0.37,-4.91,3.24
1.897,1.47,2.48,1.33,0.46,-4.74,3.42
1.898,1.47,2.48,1.33,0.69,-4,3.56
1.898,1.47,2.48,1.33,0.72,-3.99,3.42
1.898,1.47,2.48,1.33,0.74,-4.01,3.23
1.899,1.47,2.48,1.33,0.74,-4.01,3.23
1.899,1.47,2.48,1.33,0.74,-4.01,2.96
1.899,1.47,2.48,1.33,0.74,-4.01,2.96
1.899,1.47,2.48,1.33,0.74,-3.97,2.64
1.899,-1.98,-2.77,0.1,0.74,-3.97,2.64
1.9,-2.77,-2.69,0.34,0.74,-3.97,2.64
1.9,-3.12,-2.64,0.47,0.74,-3.97,2.64
1.9,-3.12,-2.64,0.47,0.69,-3.77,1.88
1.901,-3.12,-2.64,0.47,0.6,-3.4,1.2
1.904,-3.12,-2.64,0.47,0.54,-3.18,0.92
1.904,1.04,-2.48,-7.76,0.54,-3.18,0.92
1.904,1.04,-2.48,-7.76,0.39,-2.67,0.5
1.906,1.04,-2.48,-7.76,0.24,-2.03,0.22
1.908,1.04,-2.48,-7.76,0.15,-1.67,0.11
1.913,1.04,-2.48,-7.76,-0.03,-0.94,-0.1
1.914,1.04,-2.48,-7.76,-0.17,-0.25,-0.28
1.914,-0.29,-1.02,-10.51,-0.17,-0.25,-0.28
1.915,-0.29,-1.02,-10.51,-0.27,0.38,-0.44
1.916,-0.29,-1.02,-10.51,-0.29,0.65,-0.51
1.918,-0.29,-1.02,-10.51,-0.32,1.02,-0.61
1.92,-0.29,-1.02,-10.51,-0.32,1.22,-0.63
1.936,-0.29,-1.02,-10.51,-0.28,1.27,-0.6
1.937,-0.29,-1.02,-10.51,-0.14,1.06,-0.47
1.937,-0.29,-1.02,-10.51,-0.14,1.06,-0.47
1.937,-0.29,-1.02,-10.51,-0.14,1.06,-0.47
1.938,-0.29,-1.02,-10.51,-0.14,1.02,-0.46
1.938,-0.29,-1.02,-10.51,-0.15,0.98,-0.45
1.938,-0.29,-1.02,-10.51,-0.15,0.98,-0.45
1.938,-0.29,-1.02,-10.51,-0.17,0.89,-0.39
1.938,-4.23,-1.6,2.91,-0.17,0.89,-0.39
1.938,-4.02,-1.6,2.83,-0.17,0.89,-0.39
1.939,-3.93,-1.61,2.79,-0.17,0.89,-0.39
1.939,-3.93,-1.61,2.79,-0.16,0.83,-0.36
1.94,-3.93,-1.61,2.79,-0.16,0.71,-0.28
1.951,-3.93,-1.61,2.79,-0.17,0.59,-0.18
1.952,-3.93,-1.61,2.79,-0.18,0.47,-0.09
1.952,-3.93,-1.61,2.79,-0.19,0.41,-0.05
1.953,-3.93,-1.61,2.79,-0.22,0.29,0.04
1.953,-3.93,-1.61,2.79,-0.28,0.18,0.12
1.953,-3.34,0.17,3.39,-0.28,0.18,0.12
1.953,-3.34,0.17,3.39,-0.31,0.14,0.17
1.954,-2,2.32,2.97,-0.31,0.14,0.17
1.954,-2,2.32,2.97,-0.38,0.07,0.26
1.956,-2,2.32,2.97,-0.45,0.03,0.37
1.958,-2,2.32,2.97,-0.52,0.02,0.46
1.96,-2,2.32,2.97,-0.57,0.03,0.51
1.976,-2,2.32,2.97,-0.65,0.04,0.59
1.976,-2,2.32,2.97,-1.09,0.27,0.67
1.977,-2,2.32,2.97,-1.09,0.27,0.67
1.977,-2,2.32,2.97,-1.15,0.32,0.66
1.977,-2,2.32,2.97,-1.15,0.32,0.66
1.977,-2,2.32,2.97,-1.21,0.38,0.64
1.978,-2,2.32,2.97,-1.21,0.38,0.64
1.978,-0.96,2.85,-0.32,-1.21,0.38,0.64
1.979,-0.92,3.05,-0.32,-1.21,0.38,0.64
1.979,-0.89,3.18,-0.32,-1.21,0.38,0.64
1.979,-0.89,3.18,-0.32,-1.32,0.55,0.58
1.98,-0.89,3.18,-0.32,-1.41,0.76,0.5
1.985,-0.89,3.18,-0.32,-1.39,1.03,0.46
1.986,-0.89,3.18,-0.32,-1.37,1.18,0.43
1.986,0.76,0.95,2.15,-1.37,1.18,0.43
1.986,0.76,0.95,2.15,-1.3,1.51,0.31
1.986,0.76,0.95,2.15,-1.19,1.85,0.15
1.991,0.76,0.95,2.15,-1.01,2.23,-0.03
1.991,0.76,0.95,2.15,-0.9,2.43,-0.14
1.995,0.76,0.95,2.15,-0.64,2.83,-0.35
1.996,2.53,-2.89,9.85,-0.64,2.83,-0.35
1.996,2.53,-2.89,9.85,-0.33,3.24,-0.54
1.997,2.53,-2.89,9.85,-0.16,3.44,-0.62
1.998,2.53,-2.89,9.85,0.18,3.77,-0.75
2,2.53,-2.89,9.85,0.51,4.03,-0.83
2.016,2.53,-2.89,9.85,0.84,4.2,-0.86
2.017,2.53,-2.89,9.85,2.02,4.19,-0.61
2.017,2.53,-2.89,9.85,2.13,4.14,-0.56
2.017,2.53,-2.89,9.85,2.25,4.08,-0.51
2.018,2.53,-2.89,9.85,2.25,4.08,-0.51
2.018,2.53,-2.89,9.85,2.25,4.08,-0.51
2.018,2.53,-2.89,9.85,2.25,4.08,-0.51
2.018,-4.24,0.24,12.01,2.25,4.08,-0.51
2.019,-3.86,0.13,11.88,2.25,4.08,-0.51
2.019,-3.47,-0.07,11.76,2.25,4.08,-0.51
2.019,-3.47,-0.07,11.76,2.45,3.95,-0.4
2.02,-3.47,-0.07,11.76,2.54,3.89,-0.35
2.02,-3.47,-0.07,11.76,2.7,3.76,-0.26
2.024,-3.47,-0.07,11.76,2.82,3.6,-0.19
2.024,-2.5,0.19,9.26,2.82,3.6,-0.19
2.024,-2.5,0.19,9.26,2.93,3.52,-0.15
2.027,-2.5,0.19,9.26,2.99,3.5,-0.13
2.031,-2.5,0.19,9.26,3.08,3.49,-0.12
2.031,-2.5,0.19,9.26,3.16,3.52,-0.12
2.033,-2.5,0.19,9.26,3.21,3.57,-0.13
2.034,-0.79,-1.24,7.37,3.21,3.57,-0.13
2.035,-0.79,-1.24,7.37,3.22,3.59,-0.15
2.037,-0.79,-1.24,7.37,3.25,3.66,-0.21
2.039,-0.79,-1.24,7.37,3.22,3.74,-0.29
2.041,-0.79,-1.24,7.37,3.16,3.73,-0.32
2.057,-0.79,-1.24,7.37,3.15,3.7,-0.38
2.058,-0.79,-1.24,7.37,3.61,4.85,-0.46
2.058,-0.79,-1.24,7.37,3.7,5.06,-0.47
2.058,-0.79,-1.24,7.37,3.7,5.06,-0.47
2.059,-0.79,-1.24,7.37,3.7,5.06,-0.47
2.059,-0.79,-1.24,7.37,3.79,5.28,-0.49
2.059,-0.79,-1.24,7.37,3.87,5.49,-0.51
2.059,-1.14,-2.29,9.15,3.87,5.49,-0.51
2.059,-0.29,-2.96,9.11,3.87,5.49,-0.51
2.059,0.21,-3.32,9.14,3.87,5.49,-0.51
2.06,0.21,-3.32,9.14,3.93,5.7,-0.54
2.061,0.21,-3.32,9.14,4.02,6.09,-0.61
2.061,0.21,-3.32,9.14,4.06,6.45,-0.72
2.065,0.21,-3.32,9.14,4.05,6.76,-0.85
2.065,0.21,-3.32,9.14,4.03,6.91,-0.92
2.065,4.6,-4.36,4.3,4.03,6.91,-0.92
2.066,4.6,-4.36,4.3,3.99,7.22,-1.08
2.068,4.6,-4.36,4.3,3.94,7.54,-1.24
2.07,4.6,-4.36,4.3,3.9,7.69,-1.31
2.073,4.6,-4.36,4.3,3.82,7.93,-1.48
2.073,7.55,-4.9,0.55,3.82,7.93,-1.48
2.074,7.55,-4.9,0.55,3.72,8.1,-1.66
2.078,7.55,-4.9,0.55,3.62,8.21,-1.83
2.079,7.55,-4.9,0.55,3.57,8.26,-1.91
2.08,7.55,-4.9,0.55,3.46,8.3,-2.08
2.099,7.55,-4.9,0.55,3.36,8.32,-2.25
2.1,7.55,-4.9,0.55,3,8.13,-2.83
2.1,7.55,-4.9,0.55,3,8.13,-2.83
2.1,7.55,-4.9,0.55,3,8.13,-2.83
2.104,7.55,-4.9,0.55,3,8.13,-2.83
2.105,7.55,-4.9,0.55,2.96,8.1,-2.9
2.105,7.55,-4.9,0.55,2.91,8.05,-2.96
2.106,6.41,-3.16,-3.15,2.91,8.05,-2.96
2.106,8.04,-3.62,-2.61,2.91,8.05,-2.96
2.106,8.04,-3.62,-2.61,2.82,7.95,-3.08
2.106,8.04,-3.62,-2.61,2.73,7.86,-3.17
2.107,8.04,-3.62,-2.61,2.69,7.81,-3.21
2.107,8.04,-3.62,-2.61,2.61,7.72,-3.27
2.107,8.04,-3.62,-2.61,2.53,7.64,-3.31
2.107,6.53,-2.41,-3.09,2.53,7.64,-3.31
2.107,6.53,-2.41,-3.09,2.45,7.54,-3.33
2.109,6.53,-2.41,-3.09,2.42,7.5,-3.33
2.114,6.53,-2.41,-3.09,2.34,7.42,-3.33
2.116,6.53,-2.41,-3.09,2.25,7.36,-3.3
2.116,6.53,-2.41,-3.09,2.21,7.36,-3.28
2.116,3.64,-0.8,-3.91,2.21,7.36,-3.28
2.116,3.64,-0.8,-3.91,2.11,7.39,-3.23
2.118,3.64,-0.8,-3.91,2.01,7.43,-3.15
2.12,3.64,-0.8,-3.91,1.91,7.44,-3.06
2.136,3.64,-0.8,-3.91,1.85,7.42,-3.01
2.137,3.64,-0.8,-3.91,1.4,7.36,-2.63
2.137,3.64,-0.8,-3.91,1.36,7.37,-2.6
2.138,3.64,-0.8,-3.91,1.31,7.39,-2.57
2.138,3.64,-0.8,-3.91,1.31,7.39,-2.57
2.138,3.64,-0.8,-3.91,1.31,7.39,-2.57
2.138,3.64,-0.8,-3.91,1.31,7.39,-2.57
2.138,0.38,0.71,-4.1,1.31,7.39,-2.57
2.139,1.01,0.74,-3.63,1.31,7.39,-2.57
2.139,1.59,0.81,-3.12,1.31,7.39,-2.57
2.139,1.59,0.81,-3.12,1.28,7.39,-2.53
2.139,1.59,0.81,-3.12,1.21,7.37,-2.47
2.14,1.59,0.81,-3.12,1.16,7.3,-2.42
2.145,1.59,0.81,-3.12,1.13,7.2,-2.38
2.145,1.59,-1,-1.59,1.13,7.2,-2.38
2.145,1.59,-1,-1.59,1.11,7.15,-2.35
2.147,1.59,-1,-1.59,1.1,7.02,-2.31
2.149,1.59,-1,-1.59,1.09,6.86,-2.25
2.151,1.59,-1,-1.59,1.1,6.68,-2.19
2.154,1.59,-1,-1.59,1.11,6.58,-2.16
2.154,1.2,-1.8,0.16,1.11,6.58,-2.16
2.155,1.2,-1.8,0.16,1.12,6.37,-2.09
2.161,1.2,-1.8,0.16,1.13,6.15,-2.02
2.162,1.2,-1.8,0.16,1.13,6.04,-1.98
2.162,1.2,-1.8,0.16,1.14,5.81,-1.92
2.175,1.2,-1.8,0.16,1.15,5.6,-1.87
2.175,1.2,-1.8,0.16,1.12,4.91,-1.71
2.175,1.2,-1.8,0.16,1.12,4.91,-1.71
2.176,1.2,-1.8,0.16,1.12,4.91,-1.71
2.176,1.2,-1.8,0.16,1.12,4.91,-1.71
2.176,1.2,-1.8,0.16,1.11,4.82,-1.7
2.176,1.2,-1.8,0.16,1.09,4.74,-1.69
2.176,1.57,-2.39,-0.82,1.09,4.74,-1.69
2.176,2.2,-2.22,0.06,1.09,4.74,-1.69
2.177,2.2,-2.22,0.06,1.05,4.57,-1.67
2.179,2.2,-2.22,0.06,1.01,4.39,-1.65
2.18,2.2,-2.22,0.06,0.99,4.29,-1.64
2.184,2.2,-2.22,0.06,0.96,4.08,-1.63
2.184,2.51,-1.69,0.38,0.96,4.08,-1.63
2.184,2.51,-1.69,0.38,0.93,3.86,-1.62
2.186,2.51,-1.69,0.38,0.89,3.6,-1.62
2.188,2.51,-1.69,0.38,0.88,3.47,-1.61
2.19,2.51,-1.69,0.38,0.84,3.2,-1.61
2.196,2.51,-1.69,0.38,0.81,2.9,-1.6
2.197,2.68,-0.6,1.17,0.81,2.9,-1.6
2.197,2.68,-0.6,1.17,0.78,2.59,-1.59
2.197,2.68,-0.6,1.17,0.77,2.44,-1.59
2.199,2.68,-0.6,1.17,0.73,2.11,-1.57
2.202,2.68,-0.6,1.17,0.71,1.76,-1.56
2.217,2.68,-0.6,1.17,0.69,1.58,-1.55
2.218,2.68,-0.6,1.17,0.54,-0.19,-1.43
2.218,2.68,-0.6,1.17,0.53,-0.39,-1.42
2.218,2.68,-0.6,1.17,0.5,-0.6,-1.4
2.218,2.68,-0.6,1.17,0.5,-0.6,-1.4
2.218,2.68,-0.6,1.17,0.5,-0.6,-1.4
2.219,2.68,-0.6,1.17,0.5,-0.6,-1.4
2.219,2.68,-0.6,1.17,0.46,-1,-1.37
2.219,2.31,0.46,2.31,0.46,-1,-1.37
2.219,2.39,0.57,2.47,0.46,-1,-1.37
2.219,2.41,0.68,2.46,0.46,-1,-1.37
2.219,2.41,0.68,2.46,0.43,-1.2,-1.35
2.22,2.41,0.68,2.46,0.39,-1.57,-1.31
2.224,2.41,0.68,2.46,0.35,-1.93,-1.28
2.224,2.71,0.24,2.25,0.35,-1.93,-1.28
2.225,2.71,0.24,2.25,0.33,-2.11,-1.27
2.227,2.71,0.24,2.25,0.29,-2.48,-1.24
2.228,2.71,0.24,2.25,0.26,-2.84,-1.21
2.23,2.71,0.24,2.25,0.25,-3.19,-1.17
2.234,2.71,0.24,2.25,0.25,-3.36,-1.16
2.234,3.42,-1.08,2.03,0.25,-3.36,-1.16
2.235,3.42,-1.08,2.03,0.25,-3.71,-1.12
2.236,3.42,-1.08,2.03,0.26,-4.06,-1.09
2.239,3.42,-1.08,2.03,0.28,-4.41,-1.05
2.24,3.42,-1.08,2.03,0.29,-4.58,-1.04
2.256,3.42,-1.08,2.03,0.31,-4.91,-1
2.257,3.42,-1.08,2.03,0.53,-5.91,-0.89
2.257,3.42,-1.08,2.03,0.57,-5.98,-0.88
2.257,3.42,-1.08,2.03,0.61,-6.03,-0.88
2.257,3.42,-1.08,2.03,0.61,-6.03,-0.88
2.257,3.42,-1.08,2.03,0.61,-6.03,-0.88
2.258,3.42,-1.08,2.03,0.67,-6.07,-0.88
2.258,2.8,-0.61,2.61,0.67,-6.07,-0.88
2.258,2.33,-0.49,1.7,0.67,-6.07,-0.88
2.258,2.02,-0.45,1.21,0.67,-6.07,-0.88
2.258,2.02,-0.45,1.21,0.73,-6.08,-0.88
2.259,2.02,-0.45,1.21,0.86,-6.06,-0.9
2.26,2.02,-0.45,1.21,1,-5.98,-0.94
2.264,2.02,-0.45,1.21,1.08,-5.91,-0.96
2.264,1.26,0.19,2.42,1.08,-5.91,-0.96
2.265,1.26,0.19,2.42,1.22,-5.67,-1.03
2.266,1.26,0.19,2.42,1.34,-5.32,-1.11
2.268,1.26,0.19,2.42,1.39,-5.11,-1.15
2.27,1.26,0.19,2.42,1.45,-4.67,-1.23
2.274,1.26,0.19,2.42,1.51,-4.24,-1.3
2.274,0.82,1.11,2.01,1.51,-4.24,-1.3
2.274,0.82,1.11,2.01,1.56,-3.84,-1.37
2.277,0.82,1.11,2.01,1.58,-3.66,-1.4
2.279,0.82,1.11,2.01,1.62,-3.33,-1.45
2.281,0.82,1.11,2.01,1.64,-3.03,-1.5
2.297,0.82,1.11,2.01,1.66,-2.74,-1.55
2.298,0.82,1.11,2.01,1.64,-1.87,-1.71
2.298,0.82,1.11,2.01,1.64,-1.87,-1.71
2.298,0.82,1.11,2.01,1.64,-1.87,-1.71
2.298,0.82,1.11,2.01,1.62,-1.79,-1.73
2.298,0.82,1.11,2.01,1.61,-1.7,-1.74
2.299,0.82,1.11,2.01,1.61,-1.7,-1.74
2.299,2.42,0.02,0.62,1.61,-1.7,-1.74
2.299,2.16,0.04,0.31,1.61,-1.7,-1.74
2.299,2.06,0.06,0.21,1.61,-1.7,-1.74
2.299,2.06,0.06,0.21,1.57,-1.54,-1.77
2.3,2.06,0.06,0.21,1.55,-1.47,-1.79
2.301,2.06,0.06,0.21,1.51,-1.35,-1.81
2.304,2.06,0.06,0.21,1.47,-1.26,-1.82
2.304,2.06,0.06,0.21,1.47,-1.26,-1.82
2.305,2.06,0.06,0.21,1.42,-1.2,-1.83
2.306,2.06,0.06,0.21,1.4,-1.18,-1.83
2.309,2.06,0.06,0.21,1.36,-1.15,-1.83
2.311,2.06,0.06,0.21,1.32,-1.14,-1.82
2.313,2.06,0.06,0.21,1.3,-1.13,-1.81
2.314,1.94,-0.39,0.11,1.3,-1.13,-1.81
2.315,1.94,-0.39,0.11,1.26,-1.14,-1.79
2.317,1.94,-0.39,0.11,1.22,-1.16,-1.76
2.319,1.94,-0.39,0.11,1.18,-1.19,-1.71
2.32,1.94,-0.39,0.11,1.16,-1.21,-1.69
2.336,1.94,-0.39,0.11,1.12,-1.27,-1.62
2.336,1.94,-0.39,0.11,0.95,-1.68,-1.22
2.337,1.94,-0.39,0.11,0.95,-1.68,-1.22
2.337,1.94,-0.39,0.11,0.93,-1.74,-1.16
2.337,1.94,-0.39,0.11,0.93,-1.74,-1.16
2.337,1.94,-0.39,0.11,0.92,-1.8,-1.1
2.337,1.94,-0.39,0.11,0.92,-1.8,-1.1
2.338,0.54,1.51,1.11,0.92,-1.8,-1.1
2.338,0.36,1.56,0.92,0.92,-1.8,-1.1
2.338,0.25,1.57,0.82,0.92,-1.8,-1.1
2.338,0.25,1.57,0.82,0.9,-1.92,-0.97
2.338,0.25,1.57,0.82,0.88,-2.04,-0.85
2.341,0.25,1.57,0.82,0.87,-2.15,-0.72
2.344,0.25,1.57,0.82,0.87,-2.2,-0.66
2.344,0.4,1.92,1.16,0.87,-2.2,-0.66
2.344,0.4,1.92,1.16,0.87,-2.29,-0.55
2.347,0.4,1.92,1.16,0.87,-2.35,-0.44
2.349,0.4,1.92,1.16,0.87,-2.39,-0.35
2.351,0.4,1.92,1.16,0.88,-2.4,-0.31
2.354,0.4,1.92,1.16,0.89,-2.41,-0.25
2.354,1.23,1.91,0.94,0.89,-2.41,-0.25
2.354,1.23,1.91,0.94,0.89,-2.4,-0.2
2.357,1.23,1.91,0.94,0.9,-2.38,-0.18
2.359,1.23,1.91,0.94,0.91,-2.35,-0.15
2.362,1.23,1.91,0.94,0.93,-2.31,-0.14
2.381,1.23,1.91,0.94,0.94,-2.26,-0.14
2.381,1.23,1.91,0.94,0.99,-2.13,-0.26
2.382,1.23,1.91,0.94,1.01,-2.14,-0.28
2.382,1.23,1.91,0.94,1.02,-2.16,-0.29
2.382,1.23,1.91,0.94,1.02,-2.16,-0.29
2.382,1.23,1.91,0.94,1.02,-2.16,-0.29
2.382,1.23,1.91,0.94,1.02,-2.16,-0.29
2.382,1.23,1.91,0.94,1.06,-2.22,-0.31
2.382,3.05,1.2,1.11,1.06,-2.22,-0.31
2.383,2.88,1.14,0.98,1.06,-2.22,-0.31
2.383,2.72,1.08,0.86,1.06,-2.22,-0.31
2.383,2.72,1.08,0.86,1.07,-2.25,-0.32
2.383,2.72,1.08,0.86,1.1,-2.3,-0.34
2.385,2.72,1.08,0.86,1.12,-2.33,-0.38
2.386,2.72,1.08,0.86,1.12,-2.33,-0.38
2.386,2.72,1.08,0.86,1.14,-2.36,-0.43
2.387,2.72,1.08,0.86,1.14,-2.38,-0.46
2.389,2.72,1.08,0.86,1.14,-2.43,-0.52
2.391,2.72,1.08,0.86,1.15,-2.48,-0.59
2.394,2.72,1.08,0.86,1.14,-2.54,-0.66
2.394,2.9,0.54,1.54,1.14,-2.54,-0.66
2.394,2.9,0.54,1.54,1.15,-2.56,-0.7
2.397,2.9,0.54,1.54,1.16,-2.62,-0.78
2.399,2.9,0.54,1.54,1.17,-2.66,-0.86
2.401,2.9,0.54,1.54,1.16,-2.68,-0.9
2.414,2.9,0.54,1.54,1.18,-2.7,-0.98
2.415,2.9,0.54,1.54,1.26,-2.84,-1.2
2.415,2.9,0.54,1.54,1.26,-2.84,-1.2
2.415,2.9,0.54,1.54,1.26,-2.84,-1.2
2.415,2.9,0.54,1.54,1.28,-2.86,-1.22
2.415,2.9,0.54,1.54,1.28,-2.86,-1.22
2.415,1.92,-0.08,2.95,1.28,-2.86,-1.22
2.416,1.72,-0.12,2.81,1.28,-2.86,-1.22
2.416,1.72,-0.12,2.81,1.32,-2.9,-1.24
2.417,1.72,-0.12,2.81,1.34,-2.92,-1.25
2.419,1.72,-0.12,2.81,1.39,-2.95,-1.27
2.42,1.72,-0.12,2.81,1.44,-2.97,-1.28
2.424,1.72,-0.12,2.81,1.47,-2.98,-1.29
2.425,1.72,-0.12,2.81,1.52,-3,-1.31
2.425,1.36,-0.12,3.83,1.52,-3,-1.31
2.427,1.36,-0.12,3.83,1.56,-3.03,-1.33
2.428,1.36,-0.12,3.83,1.6,-3.05,-1.36
2.431,1.36,-0.12,3.83,1.63,-3.06,-1.37
2.434,1.36,-0.12,3.83,1.69,-3.09,-1.39
2.434,1.28,-0.42,4.52,1.69,-3.09,-1.39
2.435,1.28,-0.42,4.52,1.74,-3.12,-1.41
2.437,1.28,-0.42,4.52,1.8,-3.15,-1.43
2.438,1.28,-0.42,4.52,1.83,-3.17,-1.43
2.441,1.28,-0.42,4.52,1.9,-3.19,-1.44
2.456,1.28,-0.42,4.52,1.97,-3.21,-1.44
2.457,1.28,-0.42,4.52,2.24,-3.2,-1.42
2.457,1.28,-0.42,4.52,2.24,-3.2,-1.42
2.457,1.28,-0.42,4.52,2.24,-3.2,-1.42
2.457,1.28,-0.42,4.52,2.27,-3.2,-1.41
2.457,1.28,-0.42,4.52,2.31,-3.19,-1.4
2.458,1.28,-0.42,4.52,2.31,-3.19,-1.4
2.458,0.36,-0.86,4.53,2.31,-3.19,-1.4
2.458,-0.14,-1.09,4.31,2.31,-3.19,-1.4
2.458,-0.14,-1.09,4.31,2.37,-3.18,-1.39
2.458,-0.14,-1.09,4.31,2.45,-3.16,-1.37
2.46,-0.14,-1.09,4.31,2.48,-3.16,-1.36
2.464,-0.14,-1.09,4.31,2.55,-3.14,-1.33
2.464,-0.28,-1.33,4.05,2.55,-3.14,-1.33
2.464,-0.28,-1.33,4.05,2.62,-3.11,-1.3
2.466,-0.28,-1.33,4.05,2.66,-3.1,-1.29
2.468,-0.28,-1.33,4.05,2.73,-3.07,-1.25
2.471,-0.28,-1.33,4.05,2.8,-3.04,-1.21
2.475,-0.28,-1.33,4.05,2.87,-3,-1.17
2.475,-0.71,-1.71,3.55,2.87,-3,-1.17
2.475,-0.71,-1.71,3.55,2.91,-2.99,-1.15
2.478,-0.71,-1.71,3.55,2.98,-2.95,-1.1
2.479,-0.71,-1.71,3.55,3.05,-2.91,-1.05
2.481,-0.71,-1.71,3.55,3.13,-2.88,-1
2.497,-0.71,-1.71,3.55,3.16,-2.86,-0.98
2.498,-0.71,-1.71,3.55,3.49,-2.69,-0.8
2.498,-0.71,-1.71,3.55,3.53,-2.68,-0.79
2.498,-0.71,-1.71,3.55,3.57,-2.66,-0.78
2.498,-0.71,-1.71,3.55,3.57,-2.66,-0.78
2.498,-0.71,-1.71,3.55,3.57,-2.66,-0.78
2.498,-0.71,-1.71,3.55,3.57,-2.66,-0.78
2.499,-0.33,-2.15,3.01,3.57,-2.66,-0.78
2.499,-0.78,-2.68,2.97,3.57,-2.66,-0.78
2.499,-0.78,-2.68,2.97,3.6,-2.64,-0.77
2.499,-0.78,-2.68,2.97,3.68,-2.62,-0.75
2.502,-0.78,-2.68,2.97,3.76,-2.6,-0.74
2.505,-0.78,-2.68,2.97,3.85,-2.59,-0.74
2.505,-0.78,-2.68,2.97,3.89,-2.59,-0.73
2.505,-0.52,-2.66,3.48,3.89,-2.59,-0.73
2.507,-0.52,-2.66,3.48,3.97,-2.59,-0.73
2.509,-0.52,-2.66,3.48,4.06,-2.58,-0.73
2.511,-0.52,-2.66,3.48,4.11,-2.58,-0.73
2.515,-0.52,-2.66,3.48,4.2,-2.58,-0.73
2.515,-0.53,-2.46,3.78,4.2,-2.58,-0.73
2.515,-0.53,-2.46,3.78,4.28,-2.58,-0.74
2.517,-0.53,-2.46,3.78,4.38,-2.57,-0.74
2.519,-0.53,-2.46,3.78,4.41,-2.57,-0.74
2.521,-0.53,-2.46,3.78,4.51,-2.56,-0.74
2.536,-0.53,-2.46,3.78,4.6,-2.54,-0.73
2.536,-0.53,-2.46,3.78,4.91,-2.44,-0.68
2.539,-0.53,-2.46,3.78,4.91,-2.44,-0.68
2.54,-0.53,-2.46,3.78,4.91,-2.44,-0.68
2.54,-0.53,-2.46,3.78,4.91,-2.44,-0.68
2.54,-0.53,-2.46,3.78,4.94,-2.42,-0.67
2.54,-0.53,-2.46,3.78,4.96,-2.41,-0.66
2.54,-1.6,-1.84,2.57,4.96,-2.41,-0.66
2.541,-1.97,-2.63,2.82,4.96,-2.41,-0.66
2.541,-1.97,-2.63,2.82,5.01,-2.37,-0.63
2.541,-1.97,-2.63,2.82,5.03,-2.32,-0.6
2.541,-1.97,-2.63,2.82,5.05,-2.29,-0.59
2.544,-1.97,-2.63,2.82,5.06,-2.23,-0.55
2.545,-1.97,-2.63,2.82,5.08,-2.17,-0.51
2.545,-2.5,-3.07,1.67,5.08,-2.17,-0.51
2.547,-2.5,-3.07,1.67,5.08,-2.1,-0.47
2.549,-2.5,-3.07,1.67,5.08,-2.06,-0.45
2.551,-2.5,-3.07,1.67,5.07,-1.98,-0.4
2.554,-2.5,-3.07,1.67,5.05,-1.9,-0.36
2.554,-2.83,-3.54,0.59,5.05,-1.9,-0.36
2.555,-2.83,-3.54,0.59,5.04,-1.86,-0.33
2.557,-2.83,-3.54,0.59,5.01,-1.78,-0.29
2.558,-2.83,-3.54,0.59,4.97,-1.69,-0.25
2.561,-2.83,-3.54,0.59,4.93,-1.61,-0.2
2.576,-2.83,-3.54,0.59,4.9,-1.57,-0.18
2.576,-2.83,-3.54,0.59,4.67,-1.31,0
2.576,-2.83,-3.54,0.59,4.63,-1.29,0.03
2.576,-2.83,-3.54,0.59,4.63,-1.29,0.03
2.577,-2.83,-3.54,0.59,4.63,-1.29,0.03
2.577,-2.83,-3.54,0.59,4.6,-1.26,0.05
2.577,-2.83,-3.54,0.59,4.56,-1.24,0.07
2.577,-2.8,-3.61,-1.72,4.56,-1.24,0.07
2.577,-3.01,-4.34,-1.2,4.56,-1.24,0.07
2.578,-3.01,-4.34,-1.2,4.52,-1.22,0.1
2.58,-3.01,-4.34,-1.2,4.44,-1.2,0.14
2.581,-3.01,-4.34,-1.2,4.36,-1.17,0.19
2.584,-3.01,-4.34,-1.2,4.27,-1.15,0.23
2.584,-2.69,-4.1,-2.23,4.27,-1.15,0.23
2.585,-2.69,-4.1,-2.23,4.23,-1.13,0.25
2.587,-2.69,-4.1,-2.23,4.13,-1.12,0.29
2.589,-2.69,-4.1,-2.23,4.04,-1.09,0.33
2.591,-2.69,-4.1,-2.23,3.94,-1.06,0.36
2.597,-2.69,-4.1,-2.23,3.9,-1.04,0.37
2.598,-2.8,-3.77,-2.44,3.9,-1.04,0.37
2.598,-2.8,-3.77,-2.44,3.8,-1.01,0.4
2.598,-2.8,-3.77,-2.44,3.7,-0.99,0.42
2.601,-2.8,-3.77,-2.44,3.65,-0.98,0.43
2.601,-2.8,-3.77,-2.44,3.55,-0.98,0.45
2.616,-2.8,-3.77,-2.44,3.46,-0.97,0.47
2.617,-2.8,-3.77,-2.44,3.1,-0.9,0.55
2.617,-2.8,-3.77,-2.44,3.05,-0.89,0.56
2.617,-2.8,-3.77,-2.44,3.01,-0.87,0.57
2.617,-2.8,-3.77,-2.44,3.01,-0.87,0.57
2.618,-2.8,-3.77,-2.44,3.01,-0.87,0.57
2.618,-2.8,-3.77,-2.44,2.97,-0.85,0.58
2.618,-2.89,-2.57,-2.65,2.97,-0.85,0.58
2.618,-2.98,-2.81,-2.43,2.97,-0.85,0.58
2.618,-3.08,-3.02,-2.22,2.97,-0.85,0.58
2.618,-3.08,-3.02,-2.22,2.93,-0.83,0.59
2.619,-3.08,-3.02,-2.22,2.86,-0.78,0.61
2.621,-3.08,-3.02,-2.22,2.82,-0.75,0.62
2.624,-3.08,-3.02,-2.22,2.76,-0.71,0.64
2.625,-3.12,-2.73,-1.97,2.76,-0.71,0.64
2.625,-3.12,-2.73,-1.97,2.69,-0.66,0.66
2.629,-3.12,-2.73,-1.97,2.63,-0.6,0.67
2.629,-3.12,-2.73,-1.97,2.6,-0.58,0.68
2.63,-3.12,-2.73,-1.97,2.55,-0.52,0.7
2.634,-3.12,-2.73,-1.97,2.51,-0.46,0.71
2.634,-3.09,-2.63,-1.75,2.51,-0.46,0.71
2.635,-3.09,-2.63,-1.75,2.46,-0.41,0.73
2.636,-3.09,-2.63,-1.75,2.44,-0.38,0.74
2.639,-3.09,-2.63,-1.75,2.4,-0.32,0.76
2.641,-3.09,-2.63,-1.75,2.37,-0.26,0.77
2.656,-3.09,-2.63,-1.75,2.36,-0.24,0.78
2.657,-3.09,-2.63,-1.75,2.24,0,0.86
2.657,-3.09,-2.63,-1.75,2.23,0.01,0.87
2.657,-3.09,-2.63,-1.75,2.22,0.03,0.87
2.658,-3.09,-2.63,-1.75,2.22,0.03,0.87
2.658,-3.09,-2.63,-1.75,2.22,0.03,0.87
2.658,-3.09,-2.63,-1.75,2.22,0.03,0.87
2.658,-2.77,-2.41,-1.73,2.22,0.03,0.87
2.658,-2.91,-2.68,-1.36,2.22,0.03,0.87
2.659,-2.98,-2.81,-1.18,2.22,0.03,0.87
2.659,-2.98,-2.81,-1.18,2.2,0.06,0.89
2.659,-2.98,-2.81,-1.18,2.19,0.08,0.9
2.661,-2.98,-2.81,-1.18,2.16,0.11,0.92
2.665,-2.98,-2.81,-1.18,2.13,0.14,0.94
2.665,-2.98,-2.81,-1.18,2.12,0.15,0.95
2.665,-2.69,-2.72,-1.48,2.12,0.15,0.95
2.667,-2.69,-2.72,-1.48,2.09,0.17,0.97
2.669,-2.69,-2.72,-1.48,2.06,0.19,0.99
2.671,-2.69,-2.72,-1.48,2.02,0.21,1
2.674,-2.69,-2.72,-1.48,2,0.22,1.01
2.674,-2.09,-2.73,-1.62,2,0.22,1.01
2.675,-2.09,-2.73,-1.62,1.96,0.23,1.02
2.677,-2.09,-2.73,-1.62,1.92,0.23,1.03
2.68,-2.09,-2.73,-1.62,1.87,0.23,1.03
2.681,-2.09,-2.73,-1.62,1.85,0.23,1.03
2.696,-2.09,-2.73,-1.62,1.8,0.23,1.04
2.696,-2.09,-2.73,-1.62,1.62,0.29,1.05
2.696,-2.09,-2.73,-1.62,1.62,0.29,1.05
2.696,-2.09,-2.73,-1.62,1.62,0.29,1.05
2.699,-2.09,-2.73,-1.62,1.6,0.3,1.05
2.699,-2.09,-2.73,-1.62,1.58,0.32,1.05
2.7,-2.09,-2.73,-1.62,1.58,0.32,1.05
2.7,-1.3,-1.82,-1.72,1.58,0.32,1.05
2.7,-1.45,-1.99,-1.42,1.58,0.32,1.05
2.7,-1.53,-2.07,-1.28,1.58,0.32,1.05
2.701,-1.53,-2.07,-1.28,1.54,0.35,1.05
2.701,-1.53,-2.07,-1.28,1.49,0.39,1.05
2.701,-1.53,-2.07,-1.28,1.45,0.44,1.05
2.703,-1.53,-2.07,-1.28,1.43,0.47,1.05
2.704,-1.3,-1.45,-1.71,1.43,0.47,1.05
2.704,-1.3,-1.45,-1.71,1.39,0.52,1.05
2.706,-1.3,-1.45,-1.71,1.34,0.58,1.05
2.708,-1.3,-1.45,-1.71,1.32,0.61,1.05
2.714,-1.3,-1.45,-1.71,1.27,0.66,1.04
2.715,-1.3,-1.45,-1.71,1.22,0.71,1.03
2.715,-0.93,-0.97,-2.09,1.22,0.71,1.03
2.715,-0.93,-0.97,-2.09,1.17,0.77,1.03
2.716,-0.93,-0.97,-2.09,1.15,0.79,1.02
2.72,-0.93,-0.97,-2.09,1.09,0.84,1.01
2.721,-0.93,-0.97,-2.09,1.03,0.88,1
2.737,-0.93,-0.97,-2.09,0.97,0.92,0.99
2.737,-0.93,-0.97,-2.09,0.72,0.97,0.92
2.737,-0.93,-0.97,-2.09,0.68,0.97,0.91
2.738,-0.93,-0.97,-2.09,0.64,0.96,0.9
2.738,-0.93,-0.97,-2.09,0.64,0.96,0.9
2.738,-0.93,-0.97,-2.09,0.64,0.96,0.9
2.738,-0.93,-0.97,-2.09,0.64,0.96,0.9
2.738,-0.93,-0.97,-2.09,0.58,0.95,0.87
2.739,-0.03,-0.55,-2.61,0.58,0.95,0.87
2.739,-0.08,-0.59,-2.52,0.58,0.95,0.87
2.739,-0.12,-0.62,-2.46,0.58,0.95,0.87
2.739,-0.12,-0.62,-2.46,0.55,0.94,0.86
2.741,-0.12,-0.62,-2.46,0.49,0.92,0.84
2.744,-0.12,-0.62,-2.46,0.43,0.9,0.82
2.745,-0.1,-0.42,-2.21,0.43,0.9,0.82
2.745,-0.1,-0.42,-2.21,0.37,0.87,0.81
2.746,-0.1,-0.42,-2.21,0.35,0.86,0.8
2.749,-0.1,-0.42,-2.21,0.31,0.84,0.78
2.751,-0.1,-0.42,-2.21,0.27,0.81,0.77
2.754,-0.1,-0.42,-2.21,0.25,0.8,0.76
2.754,-0.09,-0.2,-1.57,0.25,0.8,0.76
2.754,-0.09,-0.2,-1.57,0.22,0.78,0.75
2.756,-0.09,-0.2,-1.57,0.2,0.76,0.75
2.759,-0.09,-0.2,-1.57,0.18,0.75,0.74
2.761,-0.09,-0.2,-1.57,0.17,0.74,0.73
2.776,-0.09,-0.2,-1.57,0.16,0.73,0.73
2.776,-0.09,-0.2,-1.57,0.17,0.69,0.73
2.776,-0.09,-0.2,-1.57,0.17,0.69,0.73
2.777,-0.09,-0.2,-1.57,0.17,0.69,0.73
2.777,-0.09,-0.2,-1.57,0.17,0.69,0.73
2.777,-0.09,-0.2,-1.57,0.17,0.69,0.73
2.777,-0.09,-0.2,-1.57,0.18,0.68,0.72
2.777,0.08,0.01,-0.66,0.18,0.68,0.72
2.778,0.01,-0.01,-0.62,0.18,0.68,0.72
2.778,0.01,-0.01,-0.62,0.19,0.67,0.72
2.779,0.01,-0.01,-0.62,0.2,0.67,0.73
2.781,0.01,-0.01,-0.62,0.21,0.66,0.73
2.784,0.01,-0.01,-0.62,0.22,0.66,0.73
2.785,0.09,0.18,-0.42,0.22,0.66,0.73
2.785,0.09,0.18,-0.42,0.24,0.66,0.72
2.787,0.09,0.18,-0.42,0.25,0.66,0.72
2.789,0.09,0.18,-0.42,0.26,0.66,0.71
2.79,0.09,0.18,-0.42,0.26,0.66,0.71
2.794,0.09,0.18,-0.42,0.27,0.67,0.7
2.795,0.42,0.35,-0.53,0.27,0.67,0.7
2.795,0.42,0.35,-0.53,0.28,0.68,0.69
2.796,0.42,0.35,-0.53,0.27,0.68,0.68
2.799,0.42,0.35,-0.53,0.27,0.69,0.67
2.801,0.42,0.35,-0.53,0.27,0.69,0.65
2.819,0.42,0.35,-0.53,0.26,0.7,0.63
2.821,0.42,0.35,-0.53,0.2,0.74,0.54
2.821,0.42,0.35,-0.53,0.2,0.74,0.54
2.822,0.42,0.35,-0.53,0.18,0.75,0.53
2.822,0.42,0.35,-0.53,0.17,0.76,0.52
2.823,0.42,0.35,-0.53,0.17,0.76,0.52
2.823,0.42,0.35,-0.53,0.17,0.76,0.52
2.824,0.38,0.34,-0.51,0.17,0.76,0.52
2.824,0.33,0.32,-0.47,0.17,0.76,0.52
2.824,0.33,0.32,-0.47,0.14,0.77,0.49
2.825,0.33,0.32,-0.47,0.12,0.78,0.47
2.825,0.33,0.32,-0.47,0.09,0.8,0.44
2.826,0.33,0.32,-0.47,0.05,0.81,0.41
2.826,1.29,0.4,-1.65,0.05,0.81,0.41
2.827,1.29,0.4,-1.65,0.01,0.83,0.38
2.827,1.29,0.4,-1.65,-0.01,0.84,0.36
2.829,1.29,0.4,-1.65,-0.05,0.85,0.33
2.831,1.29,0.4,-1.65,-0.09,0.85,0.3
2.834,1.29,0.4,-1.65,-0.13,0.85,0.28
2.834,1.32,0.42,-1.69,-0.13,0.85,0.28
2.835,1.32,0.42,-1.69,-0.15,0.85,0.26
2.836,1.32,0.42,-1.69,-0.2,0.84,0.24
2.838,1.32,0.42,-1.69,-0.23,0.83,0.21
2.84,1.32,0.42,-1.69,-0.25,0.82,0.2
2.857,1.32,0.42,-1.69,-0.29,0.81,0.18
2.858,1.32,0.42,-1.69,-0.44,0.71,0.09
2.858,1.32,0.42,-1.69,-0.45,0.69,0.09
2.858,1.32,0.42,-1.69,-0.46,0.68,0.08
2.859,1.32,0.42,-1.69,-0.46,0.68,0.08
2.859,1.32,0.42,-1.69,-0.46,0.68,0.08
2.863,1.32,0.42,-1.69,-0.46,0.68,0.08
2.863,1.32,0.42,-1.69,-0.48,0.67,0.07
2.864,0.98,0.62,-0.98,-0.48,0.67,0.07
2.864,1.01,0.65,-1.04,-0.48,0.67,0.07
2.864,1.01,0.65,-1.04,-0.5,0.64,0.06
2.865,1.01,0.65,-1.04,-0.52,0.61,0.05
2.865,1.01,0.65,-1.04,-0.53,0.6,0.04
2.865,1.01,0.65,-1.04,-0.54,0.57,0.03
2.866,0.93,0.75,-0.53,-0.54,0.57,0.03
2.867,0.93,0.75,-0.53,-0.55,0.54,0.03
2.869,0.93,0.75,-0.53,-0.55,0.51,0.02
2.871,0.93,0.75,-0.53,-0.56,0.5,0.01
2.874,0.93,0.75,-0.53,-0.55,0.47,0.01
2.874,0.84,0.72,0.12,-0.55,0.47,0.01
2.875,0.84,0.72,0.12,-0.56,0.45,0
2.882,0.84,0.72,0.12,-0.55,0.42,-0.01
2.882,0.84,0.72,0.12,-0.55,0.41,-0.01
2.882,0.84,0.72,0.12,-0.54,0.39,-0.02
2.899,0.84,0.72,0.12,-0.53,0.37,-0.03
2.9,0.84,0.72,0.12,-0.45,0.31,-0.06
2.9,0.84,0.72,0.12,-0.45,0.31,-0.06
2.9,0.84,0.72,0.12,-0.45,0.31,-0.06
2.901,0.84,0.72,0.12,-0.44,0.3,-0.06
2.901,0.84,0.72,0.12,-0.43,0.29,-0.06
2.901,0.84,0.72,0.12,-0.43,0.29,-0.06
2.901,0.84,0.72,0.12,-0.4,0.28,-0.08
2.901,0.85,0.3,0.96,-0.4,0.28,-0.08
2.902,0.88,0.34,0.87,-0.4,0.28,-0.08
2.902,0.89,0.36,0.83,-0.4,0.28,-0.08
2.902,0.89,0.36,0.83,-0.37,0.26,-0.09
2.902,0.89,0.36,0.83,-0.36,0.26,-0.09
2.904,0.89,0.36,0.83,-0.33,0.24,-0.1
2.905,0.85,0.18,1.03,-0.33,0.24,-0.1
2.905,0.85,0.18,1.03,-0.3,0.23,-0.12
2.907,0.85,0.18,1.03,-0.28,0.22,-0.12
2.908,0.85,0.18,1.03,-0.26,0.21,-0.14
2.912,0.85,0.18,1.03,-0.23,0.19,-0.15
2.916,0.85,0.18,1.03,-0.2,0.18,-0.16
2.917,0.85,0.18,1.03,-0.19,0.17,-0.17
2.917,0.85,0.18,1.03,-0.16,0.16,-0.18
2.917,0.79,0.09,1.03,-0.16,0.16,-0.18
2.919,0.79,0.09,1.03,-0.14,0.14,-0.2
2.921,0.79,0.09,1.03,-0.11,0.12,-0.21
2.936,0.79,0.09,1.03,-0.11,0.11,-0.21
2.937,0.79,0.09,1.03,-0.04,0.05,-0.26
2.937,0.79,0.09,1.03,-0.04,0.05,-0.26
2.937,0.79,0.09,1.03,-0.04,0.05,-0.26
2.937,0.79,0.09,1.03,-0.04,0.04,-0.27
2.937,0.79,0.09,1.03,-0.03,0.03,-0.27
2.938,0.79,0.09,1.03,-0.03,0.03,-0.27
2.938,0.54,-0.05,0.8,-0.03,0.03,-0.27
2.938,0.58,-0.05,0.78,-0.03,0.03,-0.27
2.938,0.58,-0.05,0.78,-0.03,0.03,-0.28
2.939,0.58,-0.05,0.78,-0.03,0.02,-0.29
2.941,0.58,-0.05,0.78,-0.02,0.01,-0.3
